Tool,ID,Page,Label,F1,SpatialDist,Precision,Recall
PdfAct,8.tar_1401.5087.gz_IFJPAN-IV-2013-20_black.pdf,0,abstract,0.0,0.0,0.27438393288405266,0.21442109901165204
PdfAct,12.tar_1401.7360.gz_secure_isit14_4_black.pdf,0,abstract,0.0,0.0,0.41744663384216335,0.12148636518637299
PdfAct,10.tar_1401.6224.gz_paper_black.pdf,0,abstract,0.0,0.0,0.48458821528730006,0.06661498127769351
PdfAct,11.tar_1401.6810.gz_ISIT2014mainArxiv_black.pdf,0,abstract,0.0,0.0,0.09007229340869229,0.07228351617302077
PdfAct,12.tar_1401.7369.gz_unicast-isit-arxiv_black.pdf,0,abstract,0.0,0.0,0.4977234685909016,0.4376020725685932
PdfAct,3.tar_1401.1648.gz_stacking_black.pdf,0,abstract,0.0,0.0,0.1921519303268893,0.23251898790261932
PdfAct,5.tar_1401.2976.gz_number_of_components_of_lfd_black.pdf,0,abstract,0.0,0.0,0.5675817734194132,0.4235231151698988
PdfAct,8.tar_1401.5132.gz_gaussian_capacity_pra_v2_black.pdf,0,abstract,0.0,0.0,0.4188209996532691,0.32013376055526077
PdfAct,13.tar_1401.8168.gz_ASthr_black.pdf,0,abstract,0.0,0.0,0.2507358824680059,0.5435918963945439
PdfAct,3.tar_1401.1878.gz_HNmssm_black.pdf,0,abstract,0.0093189964157706,0.0412140323216397,0.23202261495836965,0.5656977319205566
PdfAct,7.tar_1401.4572.gz_quantumdot_black.pdf,0,abstract,0.0,0.0,0.13564795516581407,0.13252037424298765
PdfAct,5.tar_1401.3366.gz_001osilchenko_black.pdf,0,abstract,0.0,0.0,0.5118331955828447,0.21770391433797948
PdfAct,11.tar_1401.6883.gz_ESF_Proc_black.pdf,0,abstract,0.0,0.0,0.3479074028040426,0.13854890126725442
PdfAct,10.tar_1401.6158.gz_MOF_WF_v8_black.pdf,0,abstract,0.0,0.0,0.18769576688823378,0.1322865689665829
PdfAct,11.tar_1401.6851.gz_ChicotetalNJP_black.pdf,0,abstract,0.015919564306661,0.0413296124907273,0.16313892281035652,0.518640738669546
PdfAct,2.tar_1401.0851.gz_arxiv_os14_black.pdf,0,abstract,0.0,0.0,0.47006241125685333,0.4718126416704651
PdfAct,5.tar_1401.3317.gz_ms_black.pdf,14,abstract,0.0,0.0,0.576280142147704,0.050141341737258434
PdfAct,5.tar_1401.3057.gz_DR2_black.pdf,0,abstract,0.0,0.0,0.19054906475112218,0.04444532524080123
PdfAct,11.tar_1401.7010.gz_ms_black.pdf,11,abstract,0.0,0.0,0.4422144659050899,0.5283052688092362
PdfAct,11.tar_1401.7120.gz_PW2014YLEGER_black.pdf,0,abstract,0.0,0.0,0.43297663831531935,0.040693938127368656
PdfAct,3.tar_1401.1481.gz_Draft2_black.pdf,0,abstract,0.0,0.0,0.203888951169086,0.34969494288166353
PdfAct,5.tar_1401.3001.gz_ms_black.pdf,0,abstract,0.0,0.0,0.13916015289688022,0.05296317948483058
PdfAct,1.tar_1401.0088.gz_Tau_Complete_Factorization_black.pdf,0,abstract,0.0,0.0,0.5486465646568901,0.03653392140268661
PdfAct,7.tar_1401.4634.gz_NatSeq-4_black.pdf,0,abstract,0.0,0.0,0.16835755518881515,0.11174958518956495
PdfAct,11.tar_1401.6683.gz_final_black.pdf,0,abstract,0.0,0.0,0.4588782499802023,0.18314814962159212
PdfAct,12.tar_1401.7336.gz_toloba_KDCs_black.pdf,3,abstract,0.0,0.0,0.28865911885153145,0.5463217802145715
PdfAct,4.tar_1401.2175.gz_tri8_black.pdf,0,abstract,0.0,0.0,0.5827071714543158,0.12914433426151126
PdfAct,1.tar_1401.0335.gz_zm_black.pdf,0,abstract,0.0,0.0,0.3685055043741197,0.4368526859700192
PdfAct,3.tar_1401.1870.gz_K6FW_black.pdf,0,abstract,0.0,0.0,0.40105389045991535,0.42189963264605435
PdfAct,2.tar_1401.1405.gz_Casewell_black.pdf,0,abstract,0.0,0.0,0.5976658398172207,0.02211441101768061
PdfAct,1.tar_1401.0490.gz_2eigmp_black.pdf,0,abstract,0.0,0.0,0.4370110943117615,0.4702013015905317
PdfAct,13.tar_1401.7869.gz_prigidityFINAL2014_black.pdf,0,abstract,0.0,0.0,0.5548212795667854,0.2025254975342695
PdfAct,1.tar_1401.0684.gz_arxiv_black.pdf,0,abstract,0.0,0.0,0.27499929588719896,0.3488665860022415
PdfAct,7.tar_1401.4224.gz_05b_subductionVSgreens_black.pdf,0,abstract,0.0,0.0,0.5358233509787108,0.16597303473731748
PdfAct,2.tar_1401.1114.gz_proc-yerevan2013b_black.pdf,0,abstract,0.0,0.0,0.408847369048494,0.4303453312330732
PdfAct,8.tar_1401.4823.gz_AWAKE_black.pdf,1,abstract,0.0,0.0,0.37629510153003365,0.24551509621182688
PdfAct,2.tar_1401.1145.gz_Spiniello2013_ApJ_final_v2_black.pdf,1,abstract,0.0,0.0,0.5644681987647997,0.10905456140609082
PdfAct,6.tar_1401.4020.gz_Research-Report-2014-2_black.pdf,0,abstract,0.0,0.0,0.48560952837858307,0.35599783041812827
PdfAct,4.tar_1401.2133.gz_eymver2_black.pdf,0,abstract,0.0454401016841436,0.0396130318790589,0.4002203943029525,0.5773943004459812
PdfAct,5.tar_1401.3123.gz_Green-blue_beads---light_transmission_black.pdf,0,abstract,0.0,0.0,0.2408268590901072,0.3832183844275993
PdfAct,8.tar_1401.4709.gz_APA-journal-arxiv_black.pdf,0,abstract,0.0,0.0,0.02915802196958106,0.5765395708348414
PdfAct,13.tar_1401.8219.gz_kkPCAxiom_FundInf_arxiv_black.pdf,0,abstract,0.0,0.0,0.5576040635947942,0.3560715818606472
PdfAct,10.tar_1401.6145.gz_Uplink_v13_black.pdf,0,abstract,0.0,0.0,0.20782757869232998,0.09166516017133239
PdfAct,3.tar_1401.1985.gz_ms_black.pdf,4,abstract,0.0,0.0,0.2915766728350579,0.19771313364061247
PdfAct,9.tar_1401.5589.gz_Gabor_Einstein_Math_arXiv_black.pdf,0,abstract,0.0,0.0,0.5823198986664496,0.029890116755069515
PdfAct,4.tar_1401.2745.gz_kes79_paper_v7_black.pdf,15,abstract,0.0,0.0,0.4300959856141006,0.13132936984183366
PdfAct,11.tar_1401.7021.gz_Submit.Tobias.Final_black.pdf,0,abstract,0.0,0.0,0.24752508396065956,0.5693618576429343
PdfAct,1.tar_1401.0209.gz_fullpaper_black.pdf,0,abstract,0.0,0.0,0.4755538180271095,0.21307729921657406
PdfAct,2.tar_1401.0727.gz_draft_disorder_BLG_18_wr_black.pdf,0,abstract,0.0,0.0,0.10261589672883464,0.5555964641333502
PdfAct,4.tar_1401.2416.gz_ARXIV_ICM_SATbbl_black.pdf,0,abstract,0.0,0.0,0.5717805377136653,0.40196924872145184
PdfAct,5.tar_1401.2843.gz_text_black.pdf,0,abstract,0.0,0.0,0.5708898251509694,0.38748796242051836
PdfAct,4.tar_1401.2270.gz_arxiv-TapeAsBath_black.pdf,0,abstract,0.0,0.0,0.054260471105871934,0.028937613287464536
PdfAct,8.tar_1401.4742.gz_phaseden_black.pdf,2,abstract,0.0,0.0,0.5079521804559178,0.4837200513438997
PdfAct,3.tar_1401.1692.gz_ringmixinglongedge_clean_black.pdf,0,abstract,0.0,0.0,0.5892781565571904,0.04010834410786816
PdfAct,10.tar_1401.6354.gz_liod_schnass_black.pdf,0,abstract,0.1414141414141414,0.9800075443228968,0.5957197368160159,0.3079383696654817
PdfAct,11.tar_1401.6890.gz_regulateurs_black.pdf,0,abstract,0.0,0.0,0.3254389953086277,0.2760955082429223
PdfAct,3.tar_1401.1426.gz_draft_final_black.pdf,0,abstract,0.0,0.0,0.14314411243399608,0.14747845884589775
PdfAct,10.tar_1401.5971.gz_DolcettoPRB_black.pdf,0,abstract,0.0,0.0,0.44731305980648534,0.0605489263703572
PdfAct,7.tar_1401.4529.gz_gen_ca_framework_black.pdf,0,abstract,0.0,0.0,0.45197152107376737,0.5605155224365154
PdfAct,3.tar_1401.1644.gz_tritio-02-21_black.pdf,0,abstract,0.0,0.0,0.4842912588910584,0.10313980149553423
PdfAct,4.tar_1401.2745.gz_kes79_paper_v7_black.pdf,12,abstract,0.0,0.0,0.2085768240071172,0.29500920273400244
PdfAct,9.tar_1401.5815.gz_msfinal_black.pdf,1,abstract,0.0,0.0,0.06356531332026995,0.16964608948636706
PdfAct,8.tar_1401.5159.gz_axigluon_black.pdf,0,abstract,0.0,0.0,0.23820292703372786,0.11997673363265371
PdfAct,10.tar_1401.6149.gz_ArcaraMiles-BrStabLineBundles_black.pdf,0,abstract,0.0,0.0,0.4951438967635832,0.19843180492695361
PdfAct,4.tar_1401.2626.gz_Chameleon_Cosmology_black.pdf,0,abstract,0.0121479845389287,0.0410120093036502,0.13793633570006159,0.4446181973032099
PdfAct,9.tar_1401.5446.gz_Tacnode2_black.pdf,0,abstract,0.0,0.0,0.4690059650997103,0.22988303151051767
PdfAct,1.tar_1401.0404.gz_MT-arxiv_black.pdf,0,abstract,0.0,0.0,0.16287417778751026,0.536864999121749
PdfAct,10.tar_1401.6508.gz_spdy_tr_black.pdf,0,abstract,0.0,0.0,0.49079308178214603,0.06370660873063771
PdfAct,4.tar_1401.2715.gz_ball-sengul_arXiv_rerevised_black.pdf,0,abstract,0.0,0.0,0.2251701939614604,0.5109910308513492
PdfAct,8.tar_1401.5288.gz_plasma_march17_014_black.pdf,0,abstract,0.0,0.0,0.2634080513444899,0.2359655719624828
PdfAct,12.tar_1401.7671.gz_naturalsusyhiggs_black.pdf,0,abstract,0.0,0.0,0.2858398047291029,0.014877913378680496
PdfAct,8.tar_1401.4905.gz_ms_black.pdf,0,abstract,0.0,0.0,0.2631312434844453,0.18849511057605497
PdfAct,5.tar_1401.3174.gz_arxiv_black.pdf,0,abstract,0.0,0.0,0.3622353169065498,0.21290728243256843
PdfAct,12.tar_1401.7530.gz_p-adic-beta08_black.pdf,0,abstract,0.0,0.0,0.4131905878459986,0.4812078353412932
PdfAct,10.tar_1401.6201.gz_paper3_black.pdf,12,abstract,0.0,0.0,0.16632185991147197,0.17976505969933143
PdfAct,10.tar_1401.6545.gz_ms_arxiv_black.pdf,6,abstract,0.0,0.0,0.34054716107016236,0.49409448644791404
PdfAct,10.tar_1401.6189.gz_delignext_black.pdf,0,abstract,0.0,0.0,0.15790234035339748,0.1189820941106485
PdfAct,11.tar_1401.6830.gz_sazonov-2SIR-det-arxiv_black.pdf,0,abstract,0.0,0.0,0.3954853916941969,0.059378054022927305
PdfAct,8.tar_1401.5071.gz_arevalo_markowitz_final_black.pdf,11,abstract,0.0,0.0,0.5969397922051424,0.5935252741280785
PdfAct,12.tar_1401.7711.gz_gerlumph_black.pdf,1,abstract,0.0,0.0,0.0945311242220858,0.4927532976732725
PdfAct,3.tar_1401.1932.gz_FinalRe_black.pdf,0,abstract,0.0231700895208004,0.0622272813507873,0.07583800557171524,0.5514760393697505
PdfAct,3.tar_1401.1520.gz_KTV16_black.pdf,0,abstract,0.0,0.0,0.5137800011644321,0.02724791699074671
PdfAct,11.tar_1401.7012.gz_rf3_black.pdf,0,abstract,0.0057450628366247,0.0252100840336134,0.02704251064166512,0.3836197205603975
PdfAct,10.tar_1401.6400.gz_gluing_black.pdf,0,abstract,0.0,0.0,0.009618480172324029,0.5488560093713852
PdfAct,9.tar_1401.5800.gz_ms_black.pdf,0,abstract,0.0,0.0,0.2495425654808814,0.3753012046998346
PdfAct,1.tar_1401.0429.gz_Critical_BRW_arxiv3_black.pdf,0,abstract,0.0,0.0,0.05870457197729588,0.050961892703664975
PdfAct,4.tar_1401.2087.gz_ms_black.pdf,8,abstract,0.0,0.0,0.5628591216729502,0.5816191805397585
PdfAct,2.tar_1401.1061.gz_learning_optimization_model_arxiv_v2_black.pdf,0,abstract,0.0,0.0,0.5335014852778472,0.27654941976671404
PdfAct,9.tar_1401.5722.gz_JCControl_black.pdf,0,abstract,0.0,0.0,0.3075217552471265,0.06658783736875025
PdfAct,12.tar_1401.7673.gz_romanowsky_black.pdf,0,abstract,0.0,0.0,0.23794253381284003,0.40162203833329096
PdfAct,9.tar_1401.5956.gz_GreenTech_vfinal_black.pdf,0,abstract,0.0,0.0,0.3595008995767646,0.23213657207137897
PdfAct,2.tar_1401.1167.gz_level3_arxv3_black.pdf,0,abstract,0.0,0.0,0.4441498317165375,0.5019761706257561
PdfAct,1.tar_1401.0571.gz_XCSBSL-4D_black.pdf,0,abstract,0.0,0.0,0.44786135087650497,0.1771080728740745
PdfAct,6.tar_1401.3787.gz_MeV_Strstar_black.pdf,0,abstract,0.0,0.0,0.016272284418506897,0.45255342895755984
PdfAct,5.tar_1401.3254.gz_Model_for_Bacterial_DNA_19_BBRC_black.pdf,0,abstract,0.0,0.0,0.10858358989697578,0.1577041228117227
PdfAct,3.tar_1401.1539.gz_Rb2Fe2OAsO4_black.pdf,0,abstract,0.0,0.0,0.5173521071972845,0.14256542558958835
PdfAct,11.tar_1401.6983.gz_GC_Modelforoper_black.pdf,0,abstract,0.0,0.0,0.3841253187361678,0.13256484008997113
PdfAct,11.tar_1401.7146.gz_Journal_black.pdf,0,abstract,0.0,0.0,0.5382909994802987,0.10508008154760203
PdfAct,5.tar_1401.3078.gz_Bi2Se3_JESRP_2013_black.pdf,0,abstract,0.0,0.0,0.4678993055177648,0.05971855483666855
PdfAct,13.tar_1401.8124.gz_Helenius_Grenoble_v3_black.pdf,0,abstract,0.0,0.0,0.24304496256357647,0.13534336037249234
PdfAct,12.tar_1401.7850.gz_AsymProp_30_03_15_black.pdf,0,abstract,0.0,0.0,0.40643528243314125,0.1409232227481285
PdfAct,3.tar_1401.1543.gz_njp_mueller_matrix_reconstruction_firstsent_black.pdf,0,abstract,0.0,0.0,0.2724687035701043,0.13904308667816706
PdfAct,1.tar_1401.0202.gz_lamperskioptimal2013_rev05_black.pdf,0,abstract,0.0,0.0,0.4650904799760548,0.18359010579545182
PdfAct,8.tar_1401.5128.gz_blomV2_black.pdf,0,abstract,0.0,0.0,0.07897445770847897,0.418811892966729
PdfAct,7.tar_1401.4206.gz_ErrorTermsFFTrev1_black.pdf,0,abstract,0.0,0.0,0.23270162906926722,0.11917040571869764
PdfAct,5.tar_1401.3258.gz_graphLearning_black.pdf,0,abstract,0.0,0.0,0.5490930422774083,0.008902435265716768
PdfAct,13.tar_1401.8017.gz_PAC-Clustering_black.pdf,0,abstract,0.0,0.0,0.19957437585217147,0.13992423458368294
PdfAct,6.tar_1401.3589.gz_disability_reserve_black.pdf,0,abstract,0.0,0.0,0.3460840472159305,0.1464684879367519
PdfAct,9.tar_1401.5666.gz_EN1_black.pdf,0,abstract,0.0,0.0,0.1717782461066529,0.5863905673924789
PdfAct,9.tar_1401.5586.gz_dilaton_pko_dwj_plb_black.pdf,0,abstract,0.0108966376089663,0.0618578046949815,0.20607178819725183,0.271629503964402
PdfAct,4.tar_1401.2449.gz_Bundles_black.pdf,0,abstract,0.0,0.0,0.14504482236144736,0.5867639046835738
PdfAct,1.tar_1401.0452.gz_sat17_black.pdf,0,abstract,0.0,0.0,0.43007801271605184,0.47817193821298376
PdfAct,8.tar_1401.5225.gz_AiryBeam_JRS_SC_131230_black.pdf,0,abstract,0.0,0.0,0.3689997013626569,0.3885429114750471
PdfAct,12.tar_1401.7670.gz_bswd_gosnell2013_arxiv_black.pdf,3,abstract,0.0,0.0,0.27094711258701115,0.04018777621884508
PdfAct,10.tar_1401.6404.gz_ltexpprt_black.pdf,1,abstract,0.0,0.0,0.04219318459778763,0.3235827518810659
PdfAct,1.tar_1401.0545.gz_ms_black.pdf,13,abstract,0.0,0.0,0.28798131176732833,0.24440880735350276
PdfAct,3.tar_1401.1985.gz_ms_black.pdf,2,abstract,0.0,0.0,0.5825352789231757,0.42587051909895896
PdfAct,8.tar_1401.4748.gz_arxiv_v1_black.pdf,0,abstract,0.0,0.0,0.5953252944034781,0.5654086699460729
PdfAct,6.tar_1401.3976.gz_Lovisi_proc_black.pdf,0,abstract,0.0,0.0,0.13996054007315642,0.22301149016094432
PdfAct,8.tar_1401.5222.gz_ncl-ent_2014-05-03_black.pdf,0,abstract,0.0,0.0,0.3959339569503606,0.2287577531330348
PdfAct,4.tar_1401.2647.gz_UnreasonableAertsSassoliFirstPartRevisedSubmittedArchives_black.pdf,0,abstract,0.0,0.0,0.19594340214422667,0.4135003058783489
PdfAct,6.tar_1401.4029.gz_WNPS_black.pdf,0,abstract,0.0,0.0,0.5992714759396619,0.38160873270504964
PdfAct,4.tar_1401.2132.gz_Urysohn_black.pdf,0,abstract,0.0,0.0,0.4752957858358943,0.4949568213752123
PdfAct,5.tar_1401.2830.gz_vis3_black.pdf,0,abstract,0.0,0.0,0.5966955266458552,0.3329199034919572
PdfAct,7.tar_1401.4641.gz_Cerulo_et_al_2013_revision_v2_black.pdf,0,abstract,0.0,0.0,0.38542572141187453,0.2417952479216935
PdfAct,2.tar_1401.0890.gz_D2Cl_black.pdf,4,abstract,0.0,0.0,0.22639143861244393,0.4250118812952396
PdfAct,2.tar_1401.1278.gz_articolo_Zanetti_2013_arXiv_black.pdf,0,abstract,0.0,0.0,0.12726766929396718,0.34102628639956356
PdfAct,12.tar_1401.7305.gz_Gagnon_PhotonicMolecules_arXiv_black.pdf,0,abstract,0.0,0.0,0.2971105034930377,0.05353466481431093
PdfAct,6.tar_1401.3743.gz_ms_final_black.pdf,0,abstract,0.0,0.0,0.3079642011377996,0.39650462509111667
PdfAct,6.tar_1401.3785.gz_dsils_arxiv_black.pdf,0,abstract,0.0,0.0,0.0444317204549099,0.35927651830006757
PdfAct,10.tar_1401.6279.gz_paper_arxiv_black.pdf,0,abstract,0.0,0.0,0.14608288420138074,0.27714647636613243
PdfAct,7.tar_1401.4116.gz_75JMP54_black.pdf,0,abstract,0.0,0.0,0.14177695231909174,0.553046507749671
PdfAct,11.tar_1401.6977.gz_Screening-04a_black.pdf,0,abstract,0.0,0.0,0.08015418881855065,0.27450762417743924
PdfAct,8.tar_1401.5160.gz_ms4_black.pdf,2,abstract,0.0,0.0,0.14066012498507985,0.27390754011836027
PdfAct,12.tar_1401.7300.gz_c-simple-final_black.pdf,0,abstract,0.0,0.0,0.38785072415594274,0.3485316072717998
PdfAct,6.tar_1401.4044.gz_dislocations3DTBIs2_black.pdf,0,abstract,0.0,0.0,0.32351873807848786,0.07203845414194063
PdfAct,4.tar_1401.2611.gz_toric_stacks_2_black.pdf,0,abstract,0.0,0.0,0.04911211180090793,0.5691037623204988
PdfAct,3.tar_1401.1806.gz_IS2013_black.pdf,0,abstract,0.0,0.0,0.1060436154522435,0.5503495063758533
PdfAct,7.tar_1401.4275.gz_articleVer2_black.pdf,0,abstract,0.0,0.0,0.1934998428469295,0.09211906889490488
PdfAct,2.tar_1401.0878.gz_hybrid_par_ferro_QC_jeromeTRIBOLLET_black.pdf,0,abstract,0.0,0.0,0.526811172382336,0.415028238369949
PdfAct,5.tar_1401.3317.gz_ms_black.pdf,12,abstract,0.0,0.0,0.4239460932613032,0.4165486967445819
PdfAct,7.tar_1401.4398.gz_num_dfg_black.pdf,0,abstract,0.0,0.0,0.4872864300128294,0.0241090726785661
PdfAct,1.tar_1401.0312.gz_CamHolm20_black.pdf,0,abstract,0.0,0.0,0.0374773187508002,0.0037738955009665176
PdfAct,4.tar_1401.2187.gz_BusyBeaverWriteup_black.pdf,0,abstract,0.0,0.0,0.32859116297033625,0.4983587016481495
PdfAct,9.tar_1401.5475.gz_BHstate_ms_final_emulate_black.pdf,3,abstract,0.0,0.0,0.09334661375746427,0.4139777342763989
PdfAct,5.tar_1401.3263.gz_Sobottka1231_postprint_black.pdf,0,abstract,0.0,0.0,0.13874243374641343,0.07417295868249475
PdfAct,4.tar_1401.2767.gz_SCI_black.pdf,0,abstract,0.0,0.0,0.07152357899904124,0.41140099272594444
PdfAct,9.tar_1401.5944.gz_Flatland-fullpaper-rev2_black.pdf,0,abstract,0.0,0.0,0.407193213227189,0.16082590117938647
PdfAct,12.tar_1401.7279.gz_Rodrigues_Monteiro_Torres_black.pdf,0,abstract,0.0,0.0,0.30312930267741656,0.504612607804093
PdfAct,9.tar_1401.5407.gz_main_black.pdf,0,abstract,0.0,0.0,0.14863812345482788,0.19591753708579715
PdfAct,9.tar_1401.5473.gz_ms_black.pdf,0,abstract,0.0179154614164411,0.0695378026292309,0.5020674928403102,0.35685740609172273
PdfAct,1.tar_1401.0364.gz_Journal_Paper_black.pdf,0,abstract,0.0,0.0,0.4341179053848681,0.4862240788691763
PdfAct,2.tar_1401.1284.gz_stoppairArxiv3_black.pdf,0,abstract,0.0406229929351316,0.0403438426892233,0.5092471565611648,0.1292731080376575
PdfAct,11.tar_1401.6637.gz_2015.04.08_black.pdf,0,abstract,0.0,0.0,0.35311372543659797,0.4934467323785817
PdfAct,5.tar_1401.3349.gz_ms_black.pdf,1,abstract,0.0,0.0,0.07090869192193672,0.05167543725722203
PdfAct,1.tar_1401.0660.gz_mery_moot_retore_lenls_2013_black.pdf,0,abstract,0.0,0.0,0.3366914718550739,0.2646672397876444
PdfAct,7.tar_1401.4420.gz_Hyper-full-2014_black.pdf,0,abstract,0.0,0.0,0.4313954620069213,0.5526865596502373
PdfAct,13.tar_1401.7966.gz_BWpulsar_black.pdf,4,abstract,0.0,0.0,0.265739550267689,0.2303624527730867
PdfAct,11.tar_1401.7062.gz_paper_PREv2_black.pdf,0,abstract,0.0,0.0,0.4230625268328931,0.17691998850898674
PdfAct,8.tar_1401.4822.gz_kopacki_black.pdf,0,abstract,0.0,0.0,0.37583290772174727,0.20898049280189537
PdfAct,7.tar_1401.4120.gz_nugas2_black.pdf,0,abstract,0.0,0.0,0.560236692556649,0.10948926794950158
PdfAct,11.tar_1401.7260.gz_dissipative_dynamics_black.pdf,0,abstract,0.0,0.0,0.2739326054565165,0.1669832641728285
PdfAct,11.tar_1401.6790.gz_ISIT14_v3_black.pdf,0,abstract,0.0,0.0,0.13912151790229965,0.35270663632864824
PdfAct,7.tar_1401.4628.gz_main_black.pdf,0,abstract,0.0667695328938139,0.0574508797311803,0.3307522966188193,0.43310275052337244
PdfAct,6.tar_1401.3594.gz_ttz-HJZ-01-14_epl__black.pdf,0,abstract,0.0854392298435619,0.0693287472456602,0.2985607609544742,0.21870342179695254
PdfAct,10.tar_1401.6057.gz_diffeq-1_black.pdf,0,abstract,0.0,0.0,0.232247701501328,0.3619901434939227
PdfAct,7.tar_1401.4198.gz_OverdampedIB_black.pdf,0,abstract,0.0,0.0,0.10275586193992034,0.02658921252670443
PdfAct,11.tar_1401.6658.gz_SinPetQIP_black.pdf,0,abstract,0.0,0.0,0.31111167654954036,0.44675677546730325
PdfAct,5.tar_1401.2980.gz_ASPBC4LG.2014.01.11.arxiv1_black.pdf,0,abstract,0.0,0.0,0.4166418780013819,0.05513663595716582
PdfAct,1.tar_1401.0223.gz_UnbalAlarxiv_black.pdf,0,abstract,0.0,0.0,0.16725851939537373,0.5991094478735937
PdfAct,9.tar_1401.5797.gz_article_black.pdf,0,abstract,0.0,0.0,0.4461623010066319,0.3326404799656253
PdfAct,11.tar_1401.6965.gz_1822_timing_black.pdf,2,abstract,0.0,0.0,0.5822598941710863,0.04021843800851681
PdfAct,3.tar_1401.1807.gz_Zawada_arxiv_black.pdf,0,abstract,0.0,0.0,0.2787909256851985,0.5024773907512617
PdfAct,1.tar_1401.0279.gz_abc-index-properties_black.pdf,0,abstract,0.0,0.0,0.4309378309516089,0.44610362037599
PdfAct,2.tar_1401.0947.gz_schlieder_NLTT_arXiv_black.pdf,0,abstract,0.0,0.0,0.4855191172762814,0.20341330281936204
PdfAct,8.tar_1401.4701.gz_Submit_black.pdf,0,abstract,0.0,0.0,0.11690445496177113,0.0493776793161494
PdfAct,8.tar_1401.4704.gz_io_diffusion_arxiv_v3_black.pdf,0,abstract,0.0,0.0,0.4666611629782249,0.45026003435057493
PdfAct,2.tar_1401.0747.gz_wycech_Meson13_black.pdf,0,abstract,0.0,0.0,0.2962892065403887,0.42208624970885694
PdfAct,4.tar_1401.2060.gz_hoffmannetal_rev1_arxiv_black.pdf,0,abstract,0.0,0.0,0.3476726144033507,0.5684404217058725
PdfAct,8.tar_1401.4799.gz_Cohen_Cassuto_QPEC_black.pdf,0,abstract,0.0,0.0,0.5313998117241306,0.09461297811228009
PdfAct,10.tar_1401.5980.gz_book_black.pdf,0,abstract,0.0,0.0,0.1947623355896903,0.20095858484026033
PdfAct,1.tar_1401.0720.gz_partitioning_water_v37_black.pdf,1,abstract,0.0,0.0,0.014881996705521549,0.15848390732130183
PdfAct,5.tar_1401.2987.gz_scoville_dust_black.pdf,1,abstract,0.0,0.0,0.010307229116566697,0.4632437183960601
PdfAct,5.tar_1401.3274.gz_hiddenfailure_version1-vishwanathtex_black.pdf,0,abstract,0.0,0.0,0.5728554147047602,0.14800413387093558
PdfAct,8.tar_1401.4961.gz_article_arXiv_final_black.pdf,0,abstract,0.0,0.0,0.29910556052366516,0.4158739038844274
PdfAct,13.tar_1401.8200.gz_paper_black.pdf,0,abstract,0.0,0.0,0.021087489318203145,0.24122936879703863
PdfAct,12.tar_1401.7461.gz_Sbierski_Brouwer_Disordered3dTI_v9_black.pdf,0,abstract,0.0,0.0,0.25436918425999155,0.5805246640552885
PdfAct,1.tar_1401.0373.gz_hexagon_black.pdf,0,abstract,0.0,0.0,0.11992750548960074,0.07261198574536866
PdfAct,11.tar_1401.6831.gz_recovery_black.pdf,0,abstract,0.0,0.0,0.4685424692874144,0.32006595330501625
PdfAct,9.tar_1401.5652.gz_analysis.delay.pde_black.pdf,0,abstract,0.0,0.0,0.2692437421491454,0.03632087024003596
PdfAct,13.tar_1401.7998.gz_ms_black.pdf,8,abstract,0.0,0.0,0.25480719141726765,0.452211514290334
PdfAct,11.tar_1401.6809.gz_paper_black.pdf,0,abstract,0.0,0.0,0.24454257077105027,0.4339376705558895
PdfAct,8.tar_1401.5130.gz_document-revised-article_black.pdf,0,abstract,0.0,0.0,0.1371187462322789,0.18151535238090627
PdfAct,5.tar_1401.3335.gz_ms_black.pdf,2,abstract,0.0,0.0,0.19274358870542632,0.038697274446158045
PdfAct,5.tar_1401.2987.gz_scoville_dust_black.pdf,6,abstract,0.0,0.0,0.16586347570103802,0.3969014157561223
PdfAct,12.tar_1401.7791.gz_ms_revised_black.pdf,2,abstract,0.0,0.0,0.07897487221938504,0.5651345835229135
PdfAct,7.tar_1401.4209.gz_exactSolMinControl_black.pdf,0,abstract,0.0,0.0,0.5775268170879386,0.010856529012190563
PdfAct,2.tar_1401.0934.gz_drell-yan-review_jan30_black.pdf,0,abstract,0.0,0.0,0.5628792886478222,0.24506864182181412
PdfAct,12.tar_1401.7711.gz_gerlumph_black.pdf,7,abstract,0.0,0.0,0.5288386388315387,0.3591668224064311
PdfAct,4.tar_1401.2330.gz_140105_Dot_CBT_black.pdf,0,abstract,0.0,0.0,0.5294919519767994,0.36737103375979213
PdfAct,10.tar_1401.6601.gz_paper_JCP_proof_black.pdf,0,abstract,0.0,0.0,0.03755355355671475,0.30280725555157495
PdfAct,11.tar_1401.7194.gz_FussCatalan_black.pdf,0,abstract,0.0,0.0,0.22737780158875096,0.4273524558753761
PdfAct,3.tar_1401.2018.gz_burst_predict_black.pdf,0,abstract,0.0,0.0,0.2559154909571934,0.26858377626325913
PdfAct,11.tar_1401.6765.gz_Final_manuscript_black.pdf,0,abstract,0.0,0.0,0.06755099518811154,0.20818161273643299
PdfAct,4.tar_1401.2570.gz_twoStage_black.pdf,0,abstract,0.0,0.0,0.030615731798685174,0.040895759621577966
PdfAct,5.tar_1401.3340.gz_ms_black.pdf,0,abstract,0.0,0.0,0.19526531299881697,0.5735388462990982
PdfAct,7.tar_1401.4230.gz_Elec_Pooling_Markets_Elastic_black.pdf,0,abstract,0.0,0.0,0.49093882725782856,0.24544107903932902
PdfAct,13.tar_1401.8255.gz_COR_temporal_PM_arXiv_black.pdf,0,abstract,0.9664804469273744,0.9454083791790098,0.9844818815753481,0.8006208177158702
PdfAct,5.tar_1401.3354.gz_ms_black.pdf,1,abstract,0.0,0.0,0.22328947363943305,0.14692064466960816
PdfAct,4.tar_1401.2220.gz_bare_conf_pnc_black.pdf,0,abstract,0.0,0.0,0.49480000110316724,0.5677871504997974
PdfAct,2.tar_1401.1056.gz_Global_Multipole_Expansion1_black.pdf,0,abstract,0.0,0.0,0.2949498765833792,0.20344252297668666
PdfAct,1.tar_1401.0435.gz_warh_dtigra_final_black.pdf,0,abstract,0.0,0.0,0.0006634382108985148,0.567140317722523
PdfAct,11.tar_1401.6629.gz_main_black.pdf,0,abstract,0.0,0.0,0.3972854343610873,0.2304071656185487
PdfAct,11.tar_1401.7173.gz_estimates-lrbms-2014-ohlberger-schindler_black.pdf,0,abstract,0.0,0.0,0.4017508791223764,0.38927057608900273
PdfAct,6.tar_1401.3677.gz_arxiv_black.pdf,0,abstract,0.0,0.0,0.15860615834034078,0.34844570538575637
PdfAct,13.tar_1401.7897.gz_BaNi2P2_ideta_2nd_black.pdf,0,abstract,0.0,0.0,0.09667401710202943,0.5523284340245161
PdfAct,2.tar_1401.1161.gz_Meier_Distinguishing_Doubly_Slice_Knots_LMS_Revised_black.pdf,0,abstract,0.0,0.0,0.4914411533355622,0.10848236748597251
PdfAct,6.tar_1401.4010.gz_manuscript_v21_for_arXiv_black.pdf,0,abstract,0.0,0.0,0.2059305906628819,0.507143362106864
PdfAct,9.tar_1401.5704.gz_Rouabah2014v2_black.pdf,0,abstract,0.0,0.0,0.35910925964666146,0.44432231627592306
PdfAct,3.tar_1401.1821.gz_NGC34.final_black.pdf,2,abstract,0.0,0.0,0.19441086002658312,0.0545785583931357
PdfAct,1.tar_1401.0720.gz_partitioning_water_v37_black.pdf,5,abstract,0.0,0.0,0.2551014946525756,0.0033252450166696866
PdfAct,5.tar_1401.3081.gz_spinels1_v5_black.pdf,0,abstract,0.0,0.0,0.08612635771059396,0.310723274564321
PdfAct,10.tar_1401.6577.gz_JCAP_Sa_Sc3_2_rev1_black.pdf,0,abstract,0.0,0.0,0.18629863837183078,0.44748737968113744
PdfAct,6.tar_1401.3957.gz_EADetDSA_black.pdf,0,abstract,0.0,0.0,0.29519814034939695,0.32489681902046136
PdfAct,5.tar_1401.2873.gz_SNN_black.pdf,0,abstract,0.0,0.0,0.47712211837767693,0.01677417142928814
PdfAct,10.tar_1401.6434.gz_Extractig_a_basis_with_fixed_block_inside_a_matrix_black.pdf,0,abstract,0.0,0.0,0.4916141057499363,0.5270576486624389
PdfAct,1.tar_1401.0349.gz_reduction-paper_black.pdf,0,abstract,0.0,0.0,0.5523669700293624,0.5853737436024862
PdfAct,5.tar_1401.3250.gz_paper_black.pdf,0,abstract,0.0,0.0,0.40472594884898994,0.33120036342838294
PdfAct,1.tar_1401.0314.gz_asymm_black.pdf,0,abstract,0.0,0.0,0.28136965361014926,0.25417912490770106
PdfAct,5.tar_1401.3297.gz_hyperbolic_black.pdf,0,abstract,0.0,0.0,0.46784868919175904,0.5747681958026197
PdfAct,1.tar_1401.0545.gz_ms_black.pdf,3,abstract,0.0,0.0,0.3525227515890475,0.16463193628021522
PdfAct,12.tar_1401.7306.gz_disktranspcut_black.pdf,0,abstract,0.0,0.0,0.3347054458418843,0.1273563455260641
PdfAct,2.tar_1401.1198.gz_stopping_black.pdf,0,abstract,0.0,0.0,0.5473905040847126,0.4139113436794813
PdfAct,11.tar_1401.6865.gz_moving-cateye-submit_black.pdf,0,abstract,0.0,0.0,0.3955582270816113,0.3214484910120763
PdfAct,1.tar_1401.0113.gz_cgim-upload_black.pdf,0,abstract,0.0,0.0,0.5200101906638435,0.2551730432642101
PdfAct,3.tar_1401.1879.gz_Rank4Revised_black.pdf,0,abstract,0.0,0.0,0.5120050045618263,0.05304508308639428
PdfAct,5.tar_1401.3347.gz_mnras_template_black.pdf,0,abstract,0.0,0.0,0.24683858936193895,0.130720966523519
PdfAct,2.tar_1401.0984.gz_MTI_black.pdf,0,abstract,0.0,0.0,0.22851794643886114,0.0699723596341864
PdfAct,13.tar_1401.8004.gz_MinimumControlADQCWithRUS_black.pdf,0,abstract,0.0,0.0,0.3365907429771776,0.31150955763830984
PdfAct,2.tar_1401.0733.gz_paper_black.pdf,0,abstract,0.0,0.0,0.48012347389233717,0.46131641389789035
PdfAct,13.tar_1401.8196.gz_v8_black.pdf,0,abstract,0.0,0.0,0.06449354333628454,0.22869196887523568
PdfAct,4.tar_1401.2442.gz_DelPezzo_black.pdf,0,abstract,0.0,0.0,0.01134156319128483,0.5678361359556028
PdfAct,4.tar_1401.2224.gz_rc_black.pdf,0,abstract,0.0,0.0,0.3753068171509204,0.5524944566999537
PdfAct,10.tar_1401.6530.gz_4U1627d_black.pdf,1,abstract,0.0,0.0,0.2146376662853911,0.44399141977998224
PdfAct,3.tar_1401.1544.gz_ms_black.pdf,8,abstract,0.0,0.0,0.04295735390800668,0.17554913090658042
PdfAct,4.tar_1401.2662.gz_arxiv_main_circumference_black.pdf,0,abstract,0.0,0.0,0.016738538658725564,0.13636505224279188
PdfAct,10.tar_1401.6035.gz_DeuteratedDiskWater_black.pdf,0,abstract,0.0,0.0,0.16199621938625147,0.20222522466717174
PdfAct,4.tar_1401.2580.gz_final-journal_black.pdf,0,abstract,0.0,0.0,0.013074092635311407,0.3164706550754123
PdfAct,3.tar_1401.1785.gz_paper_black.pdf,0,abstract,0.0,0.0,0.4481133590791436,0.31014472295365053
PdfAct,1.tar_1401.0593.gz_SLC3_A_black.pdf,0,abstract,0.0,0.0,0.31574610973258216,0.2638008266385781
PdfAct,3.tar_1401.1954.gz_jd_asympt_2014-01-02_black.pdf,0,abstract,0.0,0.0,0.4642872911011582,0.02328720332952303
PdfAct,5.tar_1401.2989.gz_ms_black.pdf,0,abstract,0.0,0.0,0.3363585045734547,0.08293593495427243
PdfAct,11.tar_1401.6866.gz_fakir_black.pdf,0,abstract,0.0,0.0,0.11873800542879004,0.030688650662708383
PdfAct,5.tar_1401.3348.gz_icrc2013-0502_black.pdf,0,abstract,0.0,0.0,0.22386256367981508,0.010985887828915608
PdfAct,13.tar_1401.8062.gz_Polar6_black.pdf,0,abstract,0.0,0.0,0.25919887597969754,0.5759330342064728
PdfAct,6.tar_1401.3935.gz_AlgRankV1_black.pdf,0,abstract,0.0,0.0,0.05189348651866858,0.5150293964765932
PdfAct,1.tar_1401.0624.gz_draft_black.pdf,0,abstract,0.0396310215237444,0.0817109953386345,0.24551674339963275,0.24098965201631062
PdfAct,12.tar_1401.7859.gz_AvoidedCrossingNLS_black.pdf,0,abstract,0.0,0.0,0.3189855420864768,0.3252763771089651
PdfAct,12.tar_1401.7327.gz_Higgs-SUSY-ST-March14_black.pdf,0,abstract,0.0,0.0,0.08366539418604828,0.5466315815476838
PdfAct,1.tar_1401.0415.gz_topological_spin_texture_black.pdf,0,abstract,0.0,0.0,0.3642473081392555,0.1803943855858494
PdfAct,2.tar_1401.0807.gz_JFM_Diphasic_black.pdf,0,abstract,0.0,0.0,0.015284476418862436,0.12390964711716998
PdfAct,3.tar_1401.1544.gz_ms_black.pdf,1,abstract,0.0,0.0,0.3665940013513009,0.3681667129264014
PdfAct,5.tar_1401.2871.gz_LZhang_Thesis_black.pdf,0,abstract,0.0,0.0,0.35812392866043663,0.4429031925817206
PdfAct,12.tar_1401.7601.gz_ms_black.pdf,0,abstract,0.0,0.0,0.2390294872600576,0.509483381740505
PdfAct,3.tar_1401.1544.gz_ms_black.pdf,6,abstract,0.0,0.0,0.5645349915848257,0.5158326092802239
PdfAct,6.tar_1401.3670.gz_better34arxiv_black.pdf,0,abstract,0.0,0.0,0.39280912448345845,0.13880815158203466
PdfAct,8.tar_1401.5076.gz_decarli_nii_br1202_black.pdf,0,abstract,0.0,0.0,0.37520825508720207,0.5183262539098878
PdfAct,6.tar_1401.3622.gz_Franco_revised_version_black.pdf,0,abstract,0.0,0.0,0.26418574410035395,0.05316550790902528
PdfAct,11.tar_1401.7063.gz_GuadaProcc_black.pdf,0,abstract,0.0,0.0,0.13139942046464406,0.1705455961265956
PdfAct,6.tar_1401.3663.gz_Vladimirov_Stefanis_LC2013_arxiv_v2__black.pdf,0,abstract,0.0,0.0,0.2941081382731326,0.46931017374720746
PdfAct,5.tar_1401.3189.gz_CF_CSIT_IZS_black.pdf,0,abstract,0.0,0.0,0.5265096910585008,0.49117325241793913
PdfAct,5.tar_1401.3000.gz_ncr-ALGE-revised-oct28_black.pdf,0,abstract,0.0,0.0,0.39736074767028273,0.10401395684831134
PdfAct,2.tar_1401.1398.gz_GalileiEinsteinMapArxiv_black.pdf,0,abstract,0.0,0.0,0.35047384967276957,0.3024766870067336
PdfAct,1.tar_1401.0545.gz_ms_black.pdf,17,abstract,0.0,0.0,0.0006616104311349069,0.4413966676285301
PdfAct,6.tar_1401.3823.gz_existskDNRkvsWKL_black.pdf,0,abstract,0.0,0.0,0.25578014289403345,0.31607091468922505
PdfAct,5.tar_1401.3113.gz_Santugini_RJMinAlgorithm_Preprint_HalV1_black.pdf,0,abstract,0.0,0.0,0.16973618632352885,0.1671979232939417
PdfAct,4.tar_1401.2522.gz_Firehose-Weibel_black.pdf,0,abstract,0.0,0.0,0.2550739864579777,0.49415814572507605
PdfAct,12.tar_1401.7836.gz_MENU2013_black.pdf,0,abstract,0.0,0.0,0.30840123359916116,0.5041576917382214
PdfAct,8.tar_1401.4696.gz_eofdmuu_black.pdf,0,abstract,0.0,0.0,0.07003371658209563,0.5098909837505007
PdfAct,8.tar_1401.5287.gz_main_black.pdf,0,abstract,0.0,0.0,0.4361211359464114,0.36430774723462295
PdfAct,13.tar_1401.8061.gz_Coverings_of_graded_pointed_Hopf_algebras_final_black.pdf,0,abstract,0.0,0.0,0.2429153424483691,0.4399908006687172
PdfAct,13.tar_1401.8036.gz_T65-Kosovichev-v2_black.pdf,0,abstract,0.0,0.0,0.2169100421852023,0.22701134415059165
PdfAct,8.tar_1401.5042.gz_dmod-ciis6_black.pdf,0,abstract,0.0,0.0,0.4150719015128373,0.4687733276422352
PdfAct,11.tar_1401.6947.gz_techNoteSDSS_black.pdf,0,abstract,0.0,0.0,0.22118293041912485,0.022713063258729037
PdfAct,8.tar_1401.4713.gz_rational3_black.pdf,0,abstract,0.0,0.0,0.23856706362757488,0.08482091228259504
PdfAct,9.tar_1401.5678.gz_hyperbolicity_black.pdf,0,abstract,0.0,0.0,0.32087265048485175,0.1868067175000848
PdfAct,2.tar_1401.1383.gz_robustness_CL_black.pdf,0,abstract,0.0,0.0,0.5512452152777967,0.37072710214874044
PdfAct,7.tar_1401.4453.gz_holoandguost241192_black.pdf,0,abstract,0.0,0.0,0.5035114051025008,0.5979508791097691
PdfAct,11.tar_1401.7106.gz_koibuchi-shobukhov-LGmodels_black.pdf,0,abstract,0.0,0.0,0.3374971508131117,0.40187635083434436
PdfAct,1.tar_1401.0615.gz_message_encoding_black.pdf,0,abstract,0.0,0.0,0.38441156303338775,0.5686437596639887
PdfAct,1.tar_1401.0220.gz_Trees_in_Sparse_Graphs_black.pdf,0,abstract,0.0,0.0,0.4250751927775509,0.3388375672476217
PdfAct,1.tar_1401.0016.gz_PRB_SM_black.pdf,0,abstract,0.0,0.0,0.32967289976812203,0.07481907876915535
PdfAct,12.tar_1401.7516.gz_hodana_black.pdf,0,abstract,0.0,0.0,0.3166549022555896,0.10203358053650358
PdfAct,3.tar_1401.1719.gz_vida_black.pdf,0,abstract,0.0,0.0,0.3283601881395453,0.4557274844158007
PdfAct,11.tar_1401.6886.gz_arxKMScor_black.pdf,0,abstract,0.0496756842271792,0.0560776069501785,0.3470143933131559,0.35048989318239987
PdfAct,10.tar_1401.6120.gz_malware2013_black.pdf,0,abstract,1.0,0.9934102141680397,0.873170540625922,0.9865837672944183
PdfAct,1.tar_1401.0009.gz_TMO111DMFT5_black.pdf,0,abstract,0.0,0.0,0.054721925856481925,0.1211372248399193
PdfAct,10.tar_1401.6492.gz_solarradii_black.pdf,0,abstract,0.0,0.0,0.3323585756226752,0.4999366348265183
PdfAct,10.tar_1401.6201.gz_paper3_black.pdf,9,abstract,0.0,0.0,0.013369726885085642,0.021591451457361986
PdfAct,6.tar_1401.3581.gz_invEucJor2014Feb03c_black.pdf,0,abstract,0.0,0.0,0.5328217038104658,0.024621810057219327
PdfAct,2.tar_1401.0831.gz_paper_black.pdf,11,abstract,0.0,0.0,0.3818666453086663,0.2101376544381917
PdfAct,4.tar_1401.2207.gz_chan_y_park_black.pdf,0,abstract,0.0,0.0,0.020198102223175616,0.3851898167310331
PdfAct,7.tar_1401.4369.gz_emMJPpaperSTCOr1arXiv2_black.pdf,0,abstract,0.0,0.0,0.5087239588330811,0.09983201198577864
PdfAct,7.tar_1401.4114.gz_NewSub_black.pdf,0,abstract,0.0,0.0,0.17817190189931587,0.14835194986607464
PdfAct,1.tar_1401.0340.gz_arxiv_black.pdf,0,abstract,0.0,0.0,0.006714548190044111,0.477054596780729
PdfAct,13.tar_1401.7909.gz_www_black.pdf,0,abstract,0.9714285714285714,0.9648979591836736,0.9023229506504302,0.8936197517132374
PdfAct,8.tar_1401.5311.gz_bare_jrnl_compsoc_arxiv_black.pdf,0,abstract,0.0,0.0,0.15629793622208754,0.36100680642991356
PdfAct,3.tar_1401.1866.gz_GK2014v2_1_black.pdf,0,abstract,0.0,0.0,0.21438989131208422,0.5206256485540182
PdfAct,6.tar_1401.3583.gz_hitting-fbm20_black.pdf,0,abstract,0.0,0.0,0.20925633721850895,0.5662777265325304
PdfAct,13.tar_1401.8153.gz_PE_Homology_black.pdf,0,abstract,0.0,0.0,0.0760960980067507,0.023532085718729733
PdfAct,12.tar_1401.7336.gz_toloba_KDCs_black.pdf,10,abstract,0.0,0.0,0.3301558121805442,0.35635921212148797
PdfAct,5.tar_1401.3155.gz_tpgt1_black.pdf,0,abstract,0.0,0.0,0.27531668694522465,0.43920364472199946
PdfAct,3.tar_1401.1548.gz_Paper_GRSca_v2_black.pdf,0,abstract,0.0,0.0,0.38434242543576375,0.1002962276306146
PdfAct,12.tar_1401.7558.gz_Turbulence_mitigation_scheme_for_OAM_multipelxing1_black.pdf,0,abstract,0.0,0.0,0.2341947295097049,0.5334840314357815
PdfAct,11.tar_1401.6812.gz_dist_SFR_revised_black.pdf,0,abstract,0.0,0.0,0.44830047192360245,0.07836827553672925
PdfAct,6.tar_1401.3712.gz_kth-assemb_black.pdf,0,abstract,0.0,0.0,0.33581259692851806,0.42565457887814845
PdfAct,4.tar_1401.2502.gz_exteriorforbook_black.pdf,0,abstract,0.0,0.0,0.08220956449827439,0.1592552711641851
PdfAct,1.tar_1401.0087.gz_Euco2_part2_black.pdf,0,abstract,0.0,0.0,0.20052542064242954,0.4974850044645581
PdfAct,13.tar_1401.8179.gz_tp_black.pdf,0,abstract,0.0,0.0,0.5932672231301688,0.3209885877896908
PdfAct,12.tar_1401.7562.gz_heliumion_black.pdf,10,abstract,0.0,0.0,0.528522019557868,0.39251441655233327
PdfAct,10.tar_1401.6341.gz_paper_black.pdf,0,abstract,0.0,0.0,0.45295631548229165,0.09801316087258168
PdfAct,4.tar_1401.2621.gz_immersions_arxiv_black.pdf,0,abstract,0.0,0.0,0.1596454525977665,0.27799258770398066
PdfAct,4.tar_1401.2257.gz_RepovsSemenov_black.pdf,0,abstract,0.0,0.0,0.042899704530762396,0.33568923848086646
PdfAct,8.tar_1401.5182.gz_madi2d-6_black.pdf,0,abstract,0.0,0.0,0.4281512412188833,0.3717479216437031
PdfAct,11.tar_1401.6961.gz_NBODY_FX_black.pdf,0,abstract,0.0,0.0,0.22921986555631546,0.15734478851160896
PdfAct,8.tar_1401.4973.gz_bertinoro_black.pdf,0,abstract,0.0,0.0,0.1874530714216704,0.3307746787505025
PdfAct,2.tar_1401.1373.gz_onde_spectral_black.pdf,0,abstract,0.0,0.0,0.37609114558200235,0.36871363362435655
PdfAct,13.tar_1401.7974.gz_BinLiu_Mobility_PRE_black.pdf,0,abstract,0.0,0.0,0.5809664305132723,0.4907992780970436
PdfAct,10.tar_1401.6569.gz_OlCHsys_black.pdf,0,abstract,0.0,0.0,0.5029213825213295,0.32936413000873227
PdfAct,4.tar_1401.2156.gz_paper070_black.pdf,0,abstract,0.0,0.0,0.20548626686991736,0.3752751564939166
PdfAct,5.tar_1401.3014.gz_Proceedings_black.pdf,0,abstract,0.0,0.0,0.2518751071730723,0.031202805885133533
PdfAct,10.tar_1401.6436.gz_TiltChainPhaseDiagTxtNNN_black.pdf,0,abstract,0.0,0.0,0.2891608004844019,0.16513069317685178
PdfAct,10.tar_1401.6586.gz_main_pc_black.pdf,0,abstract,0.0,0.0,0.27492200004842804,0.49224089514051955
PdfAct,5.tar_1401.3142.gz_LN_Part2_arXiv14jan14_black.pdf,0,abstract,0.0,0.0,0.05158014414183325,0.4112292971887918
PdfAct,8.tar_1401.4780.gz_AsyRK-v16_black.pdf,1,abstract,0.0,0.0,0.5731336217280059,0.44601017747647026
PdfAct,12.tar_1401.7755.gz_instab_v3_black.pdf,0,abstract,0.0,0.0,0.1659746115453127,0.33709594404357895
PdfAct,5.tar_1401.3172.gz_bare_conf_black.pdf,0,abstract,0.0,0.0,0.2633367275991716,0.434681397584822
PdfAct,10.tar_1401.6462.gz_SM_13-Dey_black.pdf,0,abstract,0.0,0.0,0.3159407822304547,0.16883304580292538
PdfAct,4.tar_1401.2474.gz_satbasedfeature_black.pdf,0,abstract,0.0,0.0,0.5794835805179226,0.36612237487446714
PdfAct,7.tar_1401.4337.gz_ldpc_fast_black.pdf,0,abstract,0.0,0.0,0.5812405148036165,0.25725530964453147
PdfAct,11.tar_1401.7072.gz_ptpe_rev8_submit_black.pdf,0,abstract,0.0,0.0,0.5464673498041037,0.5229675224220626
PdfAct,5.tar_1401.3098.gz_IA2_black.pdf,0,abstract,0.0,0.0,0.35135074521062787,0.03766994000614003
PdfAct,6.tar_1401.3966.gz_triang-negT-anis_arxiv_v2_black.pdf,0,abstract,0.0,0.0,0.19654972913808103,0.4076378652154408
PdfAct,13.tar_1401.8161.gz_optimierungslabor_arxiv_black.pdf,0,abstract,0.0,0.0,0.3095627570792866,0.30751219988645845
PdfAct,12.tar_1401.7376.gz_BuckSukumar_black.pdf,0,abstract,0.0758847136081722,0.0721753369441995,0.40234353942924367,0.04763310877594462
PdfAct,12.tar_1401.7772.gz_Spectrum_sensing_reconfig2_black.pdf,0,abstract,0.0,0.0,0.4546414634491337,0.5511308889082326
PdfAct,5.tar_1401.3127.gz_polar_RM_black.pdf,0,abstract,0.0,0.0,0.2764752718981661,0.17853363652985668
PdfAct,9.tar_1401.5796.gz_ms3_black.pdf,0,abstract,0.0,0.0,0.23342188918807563,0.4620926473696402
PdfAct,10.tar_1401.6540.gz_long_version_06_black.pdf,0,abstract,0.0,0.0,0.5591573187348147,0.18618114676646946
PdfAct,10.tar_1401.6419.gz_paperv3_black.pdf,0,abstract,0.0,0.0,0.11976379448106422,0.12607202080064958
PdfAct,7.tar_1401.4342.gz_AugArXiv2014_black.pdf,1,abstract,0.0,0.0,0.4217465507762152,0.5540538991989222
PdfAct,9.tar_1401.5800.gz_ms_black.pdf,3,abstract,0.0,0.0,0.3356420806537842,0.06236956701539009
PdfAct,3.tar_1401.1880.gz_fp745-liebman-arxiv_black.pdf,0,abstract,1.0,0.9971509971509972,0.8539132486354459,0.7296282821557493
PdfAct,2.tar_1401.1248.gz_meng_v5_black.pdf,0,abstract,0.0,0.0,0.14661503686160338,0.1075086418932429
PdfAct,4.tar_1401.2440.gz_arxiv-report_black.pdf,0,abstract,0.0,0.0,0.5491359540461191,0.19720649120646294
PdfAct,7.tar_1401.4089.gz_sopt.prb-short-5_black.pdf,0,abstract,0.0,0.0,0.09911384917985219,0.4273067796816646
PdfAct,8.tar_1401.4929.gz_main_arXiv_black.pdf,0,abstract,0.0,0.0,0.25159351462106083,0.4073462752036604
PdfAct,3.tar_1401.1555.gz_bt_black.pdf,0,abstract,0.0,0.0,0.48219869834230233,0.37216179838360736
PdfAct,7.tar_1401.4451.gz_Arxiv_Network_deniability_v7_black.pdf,0,abstract,0.0,0.0,0.39526330547930016,0.18306198443749755
PdfAct,12.tar_1401.7791.gz_ms_revised_black.pdf,0,abstract,0.0,0.0,0.25602287230197496,0.3722954460041932
PdfAct,10.tar_1401.6318.gz_article-v6.Jan.14_black.pdf,0,abstract,0.0,0.0,0.45331567589355415,0.15692536665386947
PdfAct,5.tar_1401.3145.gz_BarteringIntegerCommoditiesWithExogenousPrices_black.pdf,0,abstract,0.0,0.0,0.4210986430740903,0.11778600900255162
PdfAct,4.tar_1401.2581.gz_AndersonKO_black.pdf,0,abstract,0.0,0.0,0.35825930161750874,0.16389650082150517
PdfAct,8.tar_1401.4969.gz_XieLiVersion_black.pdf,0,abstract,0.0,0.0,0.14609356904643908,0.5484694749661949
PdfAct,10.tar_1401.6399.gz_simdcompressionarxiv_black.pdf,0,abstract,0.0,0.0,0.011353494176381651,0.5347948744569078
PdfAct,3.tar_1401.1602.gz_Bounds_Hofer_Iaco_revised_3_black.pdf,0,abstract,0.0,0.0,0.23576932484321605,0.03754480894260119
PdfAct,7.tar_1401.4264.gz_04-10-2014_black.pdf,0,abstract,0.0,0.0,0.020768973272400237,0.5186956918269298
PdfAct,13.tar_1401.8114.gz_paper_black.pdf,0,abstract,0.0,0.0,0.3852855888013788,0.14312245788020425
PdfAct,3.tar_1401.1549.gz_DRRL_black.pdf,0,abstract,0.0,0.0,0.21063220395667148,0.0777266336878354
PdfAct,1.tar_1401.0001.gz_infoingames_without_metric_arxiv_black.pdf,0,abstract,0.0,0.0,0.008133153025725481,0.44393748536890804
PdfAct,5.tar_1401.2804.gz_bilevel_learning_black.pdf,0,abstract,0.0,0.0,0.33528229397804316,0.5547678808788181
PdfAct,12.tar_1401.7861.gz_baechle_subgroup_normalizer_black.pdf,0,abstract,0.0,0.0,0.2533843361098714,0.05404677582831641
PdfAct,6.tar_1401.3805.gz_paper-arXiv-v1_black.pdf,0,abstract,0.0,0.0,0.07003256605990757,0.16346498066417814
PdfAct,10.tar_1401.6411.gz_Proceedings_black.pdf,0,abstract,0.0,0.0,0.5130075840608653,0.4500025790837245
PdfAct,9.tar_1401.5636.gz_BExSAM_PAMI_complete_black.pdf,0,abstract,0.0,0.0,0.5845204858986439,0.43896465673303264
PdfAct,12.tar_1401.7751.gz_revised_black.pdf,0,abstract,0.0,0.0,0.1536857273528599,0.3040467346210993
PdfAct,7.tar_1401.4074.gz_sc32_black.pdf,0,abstract,0.0,0.0,0.47128379895451095,0.05011324874814151
PdfAct,5.tar_1401.3317.gz_ms_black.pdf,0,abstract,0.0,0.0,0.11770168333140682,0.31519190334981334
PdfAct,6.tar_1401.3777.gz_SolitonMF9-26-arXiv_black.pdf,0,abstract,0.0,0.0,0.11011665369431091,0.1618008421668389
PdfAct,11.tar_1401.6848.gz_jan19_black.pdf,0,abstract,0.0,0.0,0.3120674083688161,0.19017499541833607
PdfAct,9.tar_1401.5528.gz_mdp-r7-double_black.pdf,0,abstract,0.0,0.0,0.3670719923390095,0.3174999744136071
PdfAct,12.tar_1401.7713.gz_CVPR11_Extension_V0.7_black.pdf,0,abstract,0.0,0.0,0.5305968640245498,0.12390386087402702
PdfAct,5.tar_1401.2984.gz_ms_black.pdf,1,abstract,0.0,0.0,0.39383611490512843,0.2005119595877132
PdfAct,1.tar_1401.0273.gz_Elliptic2p_black.pdf,0,abstract,0.0,0.0,0.32570876409328936,0.2288640632867022
PdfAct,10.tar_1401.6211.gz_JamesOmarWilliam_black.pdf,0,abstract,0.0,0.0,0.015986902064823717,0.11889561002550776
PdfAct,1.tar_1401.0391.gz_Bc-D-SL-v3_black.pdf,0,abstract,0.0060155697098372,0.0648245886370692,0.5432324097982704,0.32691783220783227
PdfAct,5.tar_1401.2961.gz_polaronPaper_black.pdf,0,abstract,0.0,0.0,0.5545842103232983,0.10055728749041556
PdfAct,9.tar_1401.5673.gz_Cir_Garg_Sciac_FINAL_COAM_black.pdf,0,abstract,0.0,0.0,0.5361501122102144,0.5218437940519396
PdfAct,11.tar_1401.7100.gz_icassp2014_black.pdf,0,abstract,0.0,0.0,0.4557687607613622,0.5653187493394297
PdfAct,7.tar_1401.4383.gz_hegselmann-krause-conjecture_arxiv_black.pdf,0,abstract,0.0,0.0,0.3635823890720703,0.1821597382195452
PdfAct,1.tar_1401.0242.gz_Gupta_PhaseReversal_EM_AWPL_2013_black.pdf,0,abstract,0.0,0.0,0.5980830773682997,0.1468624207855714
PdfAct,1.tar_1401.0336.gz_revpref-privacy_black.pdf,0,abstract,0.0,0.0,0.3913302756651516,0.2848829625698026
PdfAct,11.tar_1401.6728.gz_A_Generalized_Typicality_for_Abstract_Alphabets_black.pdf,0,abstract,0.0,0.0,0.4101652885840152,0.09544257930235851
PdfAct,9.tar_1401.5339.gz_Nontrivial_Objects_black.pdf,0,abstract,0.0,0.0,0.18900696563252709,0.41815456883845775
PdfAct,1.tar_1401.0651.gz_DBD_PF_SHELL_261213_black.pdf,0,abstract,0.0,0.0,0.5190858487562083,0.252049958504946
PdfAct,10.tar_1401.6160.gz_pivots8-arXiv_black.pdf,0,abstract,0.0,0.0,0.050001199356573746,0.14480175935502584
PdfAct,2.tar_1401.1329.gz_flux_05_black.pdf,0,abstract,0.0,0.0,0.4217792530990053,0.3578358205201925
PdfAct,12.tar_1401.7715.gz_arxVideoCSLDSMRI_black.pdf,0,abstract,0.0,0.0,0.20562445130977697,0.4654754245113617
PdfAct,5.tar_1401.2983.gz_00_arxiv_black.pdf,0,abstract,0.0,0.0,0.5492428223037217,0.540452143535633
PdfAct,5.tar_1401.2986.gz_23023_black.pdf,0,abstract,0.0,0.0,0.5270546226200203,0.4733579804993762
PdfAct,12.tar_1401.7336.gz_toloba_KDCs_black.pdf,0,abstract,0.0,0.0,0.40216993091358605,0.4900160395978769
PdfAct,8.tar_1401.5232.gz_fric_dev_black.pdf,0,abstract,0.0,0.0,0.2016004570328069,0.025930943603558097
PdfAct,12.tar_1401.7551.gz_Mannarelli-Cortona_black.pdf,0,abstract,0.0,0.0,0.3393216839131108,0.4237108600885455
PdfAct,7.tar_1401.4364.gz_DRDMCorrelation_black.pdf,0,abstract,0.0,0.0,0.12074169014417004,0.19384301479804658
PdfAct,8.tar_1401.5068.gz_nongeometry_black.pdf,0,abstract,0.0,0.0,0.4103375259554906,0.4807964489665439
PdfAct,11.tar_1401.7088.gz_twc-v8_black.pdf,0,abstract,0.0,0.0,0.41059265718605936,0.08952064708195968
PdfAct,5.tar_1401.3307.gz_liltest_black.pdf,0,abstract,0.0,0.0,0.24377920295044922,0.37957634351129604
PdfAct,13.tar_1401.8280.gz_jenness-adass23_black.pdf,0,abstract,0.0,0.0,0.04641068042553493,0.08019573622313965
PdfAct,4.tar_1401.2086.gz_arxiv-sg_black.pdf,0,abstract,0.0,0.0,0.2950431432058507,0.2640365819729564
PdfAct,5.tar_1401.3223.gz_paper_black.pdf,0,abstract,0.0,0.0,0.16136047457306651,0.1553927311348231
PdfAct,4.tar_1401.2410.gz_arxivv1_black.pdf,0,abstract,0.0,0.0,0.535413525323688,0.31172746459475287
PdfAct,4.tar_1401.2285.gz_superfluidity2_black.pdf,0,abstract,0.0,0.0,0.19280157108097132,0.3896720177621312
PdfAct,6.tar_1401.3713.gz_HermiGeral_black.pdf,0,abstract,0.0,0.0,0.35923393470324566,0.5902939221635408
PdfAct,7.tar_1401.4349.gz_main_black.pdf,0,abstract,0.0458015267175572,0.0443704276452744,0.39133488113966985,0.3221444982851243
PdfAct,1.tar_1401.0616.gz_cjc_ecmwf_black.pdf,0,abstract,0.0,0.0,0.18756201749867418,0.21381946131421845
PdfAct,10.tar_1401.6448.gz_aspzanotti_black.pdf,0,abstract,0.0,0.0,0.4532125664173579,0.13920142851386766
PdfAct,2.tar_1401.0832.gz_meson_poles_final_black.pdf,0,abstract,0.0,0.0,0.4492974524055963,0.3347818915470902
PdfAct,12.tar_1401.7706.gz_SgrA-E_Zhang_black.pdf,1,abstract,0.0,0.0,0.3057763196105027,0.34258575529751534
PdfAct,4.tar_1401.2634.gz_gsbk-new_black.pdf,10,author,0.0,0.0,0.32461142646932034,0.4250564226930203
PdfAct,8.tar_1401.5087.gz_IFJPAN-IV-2013-20_black.pdf,0,author,0.0,0.0,0.5962578427298584,0.040283005107325943
PdfAct,12.tar_1401.7360.gz_secure_isit14_4_black.pdf,0,author,0.0,0.0,0.3886761467107118,0.1940745448556608
PdfAct,10.tar_1401.6224.gz_paper_black.pdf,0,author,0.0,0.0,0.05609459525972622,0.10848822740109651
PdfAct,11.tar_1401.6810.gz_ISIT2014mainArxiv_black.pdf,0,author,0.0,0.0,0.43017850491586046,0.06937535172517724
PdfAct,12.tar_1401.7369.gz_unicast-isit-arxiv_black.pdf,0,author,0.0,0.0,0.5696241601751686,0.07589151536496694
PdfAct,4.tar_1401.2257.gz_RepovsSemenov_black.pdf,23,author,0.0,0.0,0.3235497106226299,0.07072018031608673
PdfAct,3.tar_1401.1648.gz_stacking_black.pdf,0,author,0.0,0.0,0.3508262431908048,0.17084098715934276
PdfAct,8.tar_1401.5132.gz_gaussian_capacity_pra_v2_black.pdf,0,author,0.0,0.0,0.3056728014527598,0.30925089788474186
PdfAct,13.tar_1401.8168.gz_ASthr_black.pdf,0,author,0.0,0.0,0.20886623920300482,0.16212107397527065
PdfAct,3.tar_1401.1878.gz_HNmssm_black.pdf,0,author,0.0,0.0,0.2897121076350061,0.5637050150405943
PdfAct,7.tar_1401.4572.gz_quantumdot_black.pdf,0,author,0.0,0.0,0.10742005352172614,0.49998943183030475
PdfAct,5.tar_1401.3366.gz_001osilchenko_black.pdf,0,author,0.0,0.0,0.5461614093707259,0.4762171604706735
PdfAct,11.tar_1401.6883.gz_ESF_Proc_black.pdf,0,author,0.0,0.0,0.37683381814807654,0.4073925556798766
PdfAct,10.tar_1401.6158.gz_MOF_WF_v8_black.pdf,0,author,0.0,0.0,0.42582085285871546,0.5390048141174574
PdfAct,11.tar_1401.6851.gz_ChicotetalNJP_black.pdf,0,author,0.0,0.0,0.24785849322411213,0.19217602445511406
PdfAct,2.tar_1401.0851.gz_arxiv_os14_black.pdf,0,author,0.0,0.0,0.28935217332651814,0.1939173644978681
PdfAct,5.tar_1401.3317.gz_ms_black.pdf,14,author,0.0,0.0,0.1470561030701192,0.04488863301798154
PdfAct,11.tar_1401.7010.gz_ms_black.pdf,11,author,0.0,0.0,0.353686201417387,0.1401338049849257
PdfAct,11.tar_1401.7120.gz_PW2014YLEGER_black.pdf,0,author,0.0,0.0,0.12429498124185635,0.026406870812495573
PdfAct,8.tar_1401.5127.gz_ppv-gl2_black.pdf,13,author,0.0,0.0,0.3927391024763051,0.4519653229377292
PdfAct,5.tar_1401.3001.gz_ms_black.pdf,0,author,0.0,0.0,0.07861994776997556,0.21671888110287368
PdfAct,7.tar_1401.4634.gz_NatSeq-4_black.pdf,0,author,0.0,0.0,0.35742575157391404,0.2191319760256167
PdfAct,11.tar_1401.6683.gz_final_black.pdf,0,author,0.0,0.0,0.012917786530182206,0.3099815422436618
PdfAct,8.tar_1401.5135.gz_RZ-Zel-arXiv_black.pdf,29,author,0.0,0.0,0.4527588421940125,0.3344623767291938
PdfAct,12.tar_1401.7336.gz_toloba_KDCs_black.pdf,3,author,0.0,0.0,0.10473371407247016,0.2103688344785847
PdfAct,4.tar_1401.2175.gz_tri8_black.pdf,0,author,0.0,0.0,0.46767017022442353,0.05534628084936231
PdfAct,1.tar_1401.0335.gz_zm_black.pdf,0,author,0.0,0.0,0.2588455129413415,0.07678968909487409
PdfAct,2.tar_1401.0939.gz_mdc2013_black.pdf,6,author,0.0,0.0,0.021646107743328646,0.5077328534115486
PdfAct,3.tar_1401.1870.gz_K6FW_black.pdf,0,author,0.0,0.0,0.3476375714743817,0.43469982009069036
PdfAct,10.tar_1401.6218.gz_acm_black.pdf,23,author,0.0,0.0,0.18192652096894196,0.5624642949658021
PdfAct,12.tar_1401.7779.gz_ms_rev2_black.pdf,1,author,0.0,0.0,0.22783032110790807,0.47652907634517727
PdfAct,2.tar_1401.1405.gz_Casewell_black.pdf,0,author,0.0,0.0,0.4880655359104347,0.03514163065548663
PdfAct,1.tar_1401.0490.gz_2eigmp_black.pdf,0,author,0.0,0.0,0.5327769617828214,0.38346760062337787
PdfAct,13.tar_1401.7869.gz_prigidityFINAL2014_black.pdf,0,author,0.0,0.0,0.021444978644241573,0.185700030202538
PdfAct,1.tar_1401.0684.gz_arxiv_black.pdf,0,author,0.0,0.0,0.5825821985323855,0.02796512305118812
PdfAct,2.tar_1401.1114.gz_proc-yerevan2013b_black.pdf,0,author,0.0,0.0,0.5275981016585476,0.30179652681422053
PdfAct,8.tar_1401.4823.gz_AWAKE_black.pdf,1,author,0.0,0.0,0.1705162732944843,0.5869452927958546
PdfAct,2.tar_1401.1145.gz_Spiniello2013_ApJ_final_v2_black.pdf,1,author,0.0,0.0,0.35100615678380936,0.41798560704684334
PdfAct,6.tar_1401.4020.gz_Research-Report-2014-2_black.pdf,0,author,0.0,0.0,0.2453220862592437,0.3503462351388106
PdfAct,4.tar_1401.2133.gz_eymver2_black.pdf,0,author,0.0,0.0,0.5637410951698635,0.05061610954865121
PdfAct,5.tar_1401.3123.gz_Green-blue_beads---light_transmission_black.pdf,0,author,0.0,0.0,0.26599107273379985,0.12040700618221371
PdfAct,8.tar_1401.4709.gz_APA-journal-arxiv_black.pdf,0,author,0.0,0.0,0.2806392073600857,0.2500679244280977
PdfAct,13.tar_1401.8219.gz_kkPCAxiom_FundInf_arxiv_black.pdf,0,author,0.0,0.0,0.5968421441665359,0.36442503005870586
PdfAct,10.tar_1401.6145.gz_Uplink_v13_black.pdf,0,author,0.0,0.0,0.32546285923092355,0.3157079428160415
PdfAct,3.tar_1401.1985.gz_ms_black.pdf,4,author,0.0,0.0,0.07492777122249739,0.3800297924924341
PdfAct,9.tar_1401.5589.gz_Gabor_Einstein_Math_arXiv_black.pdf,0,author,0.0,0.0,0.3808881616083439,0.5986843607914945
PdfAct,4.tar_1401.2745.gz_kes79_paper_v7_black.pdf,15,author,0.0,0.0,0.36523937216961216,0.369525499446851
PdfAct,11.tar_1401.7021.gz_Submit.Tobias.Final_black.pdf,0,author,0.0,0.0,0.36742274945087466,0.1844537034171317
PdfAct,2.tar_1401.0727.gz_draft_disorder_BLG_18_wr_black.pdf,0,author,0.0,0.0,0.3656402648671618,0.05724294119927861
PdfAct,4.tar_1401.2416.gz_ARXIV_ICM_SATbbl_black.pdf,0,author,0.0,0.0,0.4619891531318119,0.41001000668199533
PdfAct,5.tar_1401.2843.gz_text_black.pdf,0,author,0.0,0.0,0.1701015353933603,0.560116508788197
PdfAct,4.tar_1401.2270.gz_arxiv-TapeAsBath_black.pdf,0,author,0.0,0.0,0.39171009802955375,0.15165090433320466
PdfAct,8.tar_1401.5294.gz_20140602-Evo-Survey_black.pdf,13,author,0.0,0.0,0.26005403287826634,0.3456363753574751
PdfAct,3.tar_1401.1692.gz_ringmixinglongedge_clean_black.pdf,0,author,0.0,0.0,0.0909746325154261,0.20339983578774803
PdfAct,10.tar_1401.6354.gz_liod_schnass_black.pdf,0,author,0.0,0.0,0.27471703155152954,0.19117711654580705
PdfAct,11.tar_1401.6890.gz_regulateurs_black.pdf,0,author,0.0,0.0,0.41132184572657554,0.26089735305607525
PdfAct,3.tar_1401.1426.gz_draft_final_black.pdf,0,author,0.0,0.0,0.22530531744130097,0.3447060407460132
PdfAct,6.tar_1401.3715.gz_Cluster_Eating_Equations_2014_08_13_black.pdf,5,author,0.0,0.0,0.5790244407943144,0.3010120278525328
PdfAct,10.tar_1401.5971.gz_DolcettoPRB_black.pdf,0,author,0.0,0.0,0.29472702330624484,0.5384677947611274
PdfAct,7.tar_1401.4529.gz_gen_ca_framework_black.pdf,0,author,0.0,0.0,0.31959189684741046,0.060417719065662664
PdfAct,3.tar_1401.1644.gz_tritio-02-21_black.pdf,0,author,0.0,0.0,0.1330563446476575,0.1361830091477575
PdfAct,4.tar_1401.2745.gz_kes79_paper_v7_black.pdf,12,author,0.0,0.0,0.40051887950097986,0.34506478741351426
PdfAct,9.tar_1401.5815.gz_msfinal_black.pdf,1,author,0.0,0.0,0.18320135765132375,0.5079608978858065
PdfAct,8.tar_1401.5159.gz_axigluon_black.pdf,0,author,0.0,0.0,0.23755798020367327,0.04717863491968042
PdfAct,10.tar_1401.6149.gz_ArcaraMiles-BrStabLineBundles_black.pdf,0,author,0.0,0.0,0.24605465962475237,0.43420589733762804
PdfAct,4.tar_1401.2626.gz_Chameleon_Cosmology_black.pdf,0,author,0.0,0.0,0.056683481554438093,0.4106485307645043
PdfAct,9.tar_1401.5446.gz_Tacnode2_black.pdf,0,author,0.0,0.0,0.3800600395246767,0.020990228003245504
PdfAct,10.tar_1401.6508.gz_spdy_tr_black.pdf,0,author,0.0,0.0,0.5806579826358436,0.5034393882548874
PdfAct,4.tar_1401.2715.gz_ball-sengul_arXiv_rerevised_black.pdf,0,author,0.0,0.0,0.5445701581597583,0.2733064093089848
PdfAct,8.tar_1401.5288.gz_plasma_march17_014_black.pdf,0,author,0.0,0.0,0.0691689279645048,0.27857311037332544
PdfAct,12.tar_1401.7671.gz_naturalsusyhiggs_black.pdf,0,author,0.0,0.0,0.10820818560531417,0.3783300088970815
PdfAct,8.tar_1401.4905.gz_ms_black.pdf,0,author,0.0,0.0,0.4556278391948738,0.42478584509806494
PdfAct,5.tar_1401.3174.gz_arxiv_black.pdf,0,author,0.0,0.0,0.22605789855143657,0.25010749062972176
PdfAct,10.tar_1401.6201.gz_paper3_black.pdf,12,author,0.0,0.0,0.2810808342075959,0.45808898123332076
PdfAct,10.tar_1401.6545.gz_ms_arxiv_black.pdf,6,author,0.0,0.0,0.2985979909130604,0.16638078514595916
PdfAct,10.tar_1401.6189.gz_delignext_black.pdf,0,author,0.0,0.0,0.1313293081160926,0.10356951578540204
PdfAct,8.tar_1401.5071.gz_arevalo_markowitz_final_black.pdf,11,author,0.0,0.0,0.3769099274772772,0.19527363863211603
PdfAct,12.tar_1401.7711.gz_gerlumph_black.pdf,1,author,0.0,0.0,0.24837694425735068,0.5531131445974851
PdfAct,3.tar_1401.1932.gz_FinalRe_black.pdf,0,author,0.0,0.0,0.2923328539704844,0.37800688109841735
PdfAct,11.tar_1401.7012.gz_rf3_black.pdf,0,author,0.0,0.0,0.2111689972415691,0.5825897036411476
PdfAct,10.tar_1401.6400.gz_gluing_black.pdf,0,author,0.0,0.0,0.00528264242331018,0.050352874038016956
PdfAct,9.tar_1401.5822.gz_Esym_black.pdf,4,author,0.0,0.0,0.018611262992231547,0.5810198770077989
PdfAct,9.tar_1401.5800.gz_ms_black.pdf,0,author,0.0,0.0,0.10928436680738537,0.03811125297244293
PdfAct,8.tar_1401.5223.gz_gluonFF_black.pdf,1,author,0.0,0.0,0.3583578196209922,0.37513987161604284
PdfAct,1.tar_1401.0429.gz_Critical_BRW_arxiv3_black.pdf,0,author,0.0,0.0,0.5919701335812715,0.15216860803964752
PdfAct,4.tar_1401.2087.gz_ms_black.pdf,8,author,0.0,0.0,0.20229488822048727,0.3665746724318058
PdfAct,9.tar_1401.5899.gz_typeinst_cbd_black.pdf,21,author,0.0,0.0,0.3086770937521354,0.005994377961107511
PdfAct,2.tar_1401.1061.gz_learning_optimization_model_arxiv_v2_black.pdf,0,author,0.0,0.0,0.40833096350212855,0.03097758598411546
PdfAct,9.tar_1401.5722.gz_JCControl_black.pdf,0,author,0.0,0.0,0.37484670245961044,0.24455561016142585
PdfAct,12.tar_1401.7673.gz_romanowsky_black.pdf,0,author,0.0,0.0,0.07676166466460317,0.17185606077239454
PdfAct,9.tar_1401.5956.gz_GreenTech_vfinal_black.pdf,0,author,0.0,0.0,0.015042251363038071,0.08485246277761808
PdfAct,2.tar_1401.1167.gz_level3_arxv3_black.pdf,0,author,0.0,0.0,0.02091898632639444,0.5805032037988944
PdfAct,6.tar_1401.3787.gz_MeV_Strstar_black.pdf,0,author,0.0,0.0,0.39894443477462777,0.5475348941025965
PdfAct,5.tar_1401.3254.gz_Model_for_Bacterial_DNA_19_BBRC_black.pdf,0,author,0.0,0.0,0.5776569322136461,0.5850137145270107
PdfAct,3.tar_1401.1539.gz_Rb2Fe2OAsO4_black.pdf,0,author,0.0,0.0,0.0826581632390285,0.1692147121110393
PdfAct,5.tar_1401.3078.gz_Bi2Se3_JESRP_2013_black.pdf,0,author,0.0,0.0,0.18777327322611673,0.5275100037162289
PdfAct,13.tar_1401.8124.gz_Helenius_Grenoble_v3_black.pdf,0,author,0.0,0.0,0.2707922648590764,0.4959584826144051
PdfAct,3.tar_1401.1543.gz_njp_mueller_matrix_reconstruction_firstsent_black.pdf,0,author,0.0,0.0,0.03947569562294066,0.30887551508928707
PdfAct,1.tar_1401.0202.gz_lamperskioptimal2013_rev05_black.pdf,0,author,0.0,0.0,0.5580724618262676,0.43794904408384283
PdfAct,5.tar_1401.3258.gz_graphLearning_black.pdf,0,author,0.0,0.0,0.455270912339036,0.07869039139298668
PdfAct,13.tar_1401.8017.gz_PAC-Clustering_black.pdf,0,author,0.0,0.0,0.263459326053287,0.10551341711168617
PdfAct,6.tar_1401.3589.gz_disability_reserve_black.pdf,0,author,0.0,0.0,0.10977482135973068,0.35067500232096493
PdfAct,9.tar_1401.5666.gz_EN1_black.pdf,0,author,0.0,0.0,0.07544332255769305,0.5851539641179947
PdfAct,9.tar_1401.5586.gz_dilaton_pko_dwj_plb_black.pdf,0,author,0.0,0.0,0.4448633436513922,0.2819547440266093
PdfAct,8.tar_1401.5225.gz_AiryBeam_JRS_SC_131230_black.pdf,0,author,0.0,0.0,0.4900085081657246,0.5743942989465652
PdfAct,12.tar_1401.7670.gz_bswd_gosnell2013_arxiv_black.pdf,3,author,0.0,0.0,0.5167726154691235,0.17643997481743026
PdfAct,7.tar_1401.4148.gz_MetricDiophantineAPTSep2015_black.pdf,12,author,0.0,0.0,0.46601237808125695,0.568927906743119
PdfAct,10.tar_1401.6404.gz_ltexpprt_black.pdf,1,author,0.0,0.0,0.39733207690090516,0.003531913962542532
PdfAct,1.tar_1401.0545.gz_ms_black.pdf,13,author,0.0,0.0,0.3283249611737181,0.2818298968423324
PdfAct,3.tar_1401.1985.gz_ms_black.pdf,2,author,0.0,0.0,0.4689996357902017,0.44363970108678696
PdfAct,6.tar_1401.3976.gz_Lovisi_proc_black.pdf,0,author,0.0,0.0,0.5620481619587528,0.08339353024958286
PdfAct,8.tar_1401.5222.gz_ncl-ent_2014-05-03_black.pdf,0,author,0.0,0.0,0.24122249657425,0.35949063397803144
PdfAct,4.tar_1401.2647.gz_UnreasonableAertsSassoliFirstPartRevisedSubmittedArchives_black.pdf,0,author,0.0,0.0,0.5794725337739199,0.4567695489457862
PdfAct,6.tar_1401.4029.gz_WNPS_black.pdf,0,author,0.0,0.0,0.13282875563959243,0.17239382507817852
PdfAct,5.tar_1401.2830.gz_vis3_black.pdf,0,author,0.0,0.0,0.056613455267018595,0.03547359387273796
PdfAct,7.tar_1401.4641.gz_Cerulo_et_al_2013_revision_v2_black.pdf,0,author,0.0,0.0,0.49123245187342324,0.30963668813517087
PdfAct,2.tar_1401.1278.gz_articolo_Zanetti_2013_arXiv_black.pdf,0,author,0.0,0.0,0.06896408736272654,0.5106323688702682
PdfAct,10.tar_1401.6218.gz_acm_black.pdf,25,author,0.0,0.0,0.0721286720569352,0.5009614455093883
PdfAct,12.tar_1401.7305.gz_Gagnon_PhotonicMolecules_arXiv_black.pdf,0,author,0.0,0.0,0.03978964360178294,0.30003009359520666
PdfAct,6.tar_1401.3743.gz_ms_final_black.pdf,0,author,0.0,0.0,0.4991493322201414,0.16278237646527516
PdfAct,6.tar_1401.3785.gz_dsils_arxiv_black.pdf,0,author,0.0,0.0,0.18363830514019577,0.554754317440474
PdfAct,10.tar_1401.6279.gz_paper_arxiv_black.pdf,0,author,0.0,0.0,0.3381779350721603,0.44793351927102537
PdfAct,7.tar_1401.4116.gz_75JMP54_black.pdf,0,author,0.0,0.0,0.06735079890428697,0.371289496822869
PdfAct,11.tar_1401.6977.gz_Screening-04a_black.pdf,0,author,0.0,0.0,0.1944871221501003,0.40219153576036065
PdfAct,8.tar_1401.5160.gz_ms4_black.pdf,2,author,0.0,0.0,0.37250990163221714,0.4743275795960454
PdfAct,12.tar_1401.7300.gz_c-simple-final_black.pdf,0,author,0.0,0.0,0.3246166610026721,0.23514251993753066
PdfAct,3.tar_1401.1806.gz_IS2013_black.pdf,0,author,0.0,0.0,0.15184354402589909,0.14472888495411676
PdfAct,7.tar_1401.4275.gz_articleVer2_black.pdf,0,author,0.0,0.0,0.22956091543467882,0.0776196094645825
PdfAct,2.tar_1401.0878.gz_hybrid_par_ferro_QC_jeromeTRIBOLLET_black.pdf,0,author,0.0,0.0,0.33465224215161915,0.2861629231656914
PdfAct,10.tar_1401.6218.gz_acm_black.pdf,17,author,0.0,0.0,0.49610608312367827,0.013422653863555034
PdfAct,5.tar_1401.3317.gz_ms_black.pdf,12,author,0.0,0.0,0.015811582969417603,0.5484661330442405
PdfAct,7.tar_1401.4398.gz_num_dfg_black.pdf,0,author,0.0,0.0,0.4897716272585463,0.13723313029985332
PdfAct,1.tar_1401.0312.gz_CamHolm20_black.pdf,0,author,0.0,0.0,0.39947157611442313,0.10431063235662623
PdfAct,9.tar_1401.5475.gz_BHstate_ms_final_emulate_black.pdf,3,author,0.0,0.0,0.3315945083820617,0.5151392849745858
PdfAct,8.tar_1401.5135.gz_RZ-Zel-arXiv_black.pdf,5,author,0.0,0.0,0.2636117583032278,0.3303699470457557
PdfAct,5.tar_1401.3328.gz_starless_cores_apj_version12_black.pdf,9,author,0.0,0.0,0.3579371909182664,0.13892983320662478
PdfAct,4.tar_1401.2767.gz_SCI_black.pdf,0,author,0.0,0.0,0.5135608966153453,0.17289757150614812
PdfAct,9.tar_1401.5944.gz_Flatland-fullpaper-rev2_black.pdf,0,author,0.0,0.0,0.33553193888056343,0.18868334471423556
PdfAct,12.tar_1401.7279.gz_Rodrigues_Monteiro_Torres_black.pdf,0,author,0.0,0.0,0.45467451614626486,0.051537101271966444
PdfAct,9.tar_1401.5407.gz_main_black.pdf,0,author,0.0,0.0,0.19362758359754365,0.4059041247938687
PdfAct,9.tar_1401.5473.gz_ms_black.pdf,0,author,0.0,0.0,0.24906352447344962,0.538037173197444
PdfAct,2.tar_1401.1284.gz_stoppairArxiv3_black.pdf,0,author,0.0,0.0,0.08414027400999681,0.18072536834440547
PdfAct,11.tar_1401.6637.gz_2015.04.08_black.pdf,0,author,0.0,0.0,0.05561859176039134,0.5604153306234332
PdfAct,5.tar_1401.3349.gz_ms_black.pdf,1,author,0.0,0.0,0.04399722704855275,0.21145011767240404
PdfAct,1.tar_1401.0660.gz_mery_moot_retore_lenls_2013_black.pdf,0,author,0.0,0.0,0.30169656139079715,0.43484111238689094
PdfAct,7.tar_1401.4420.gz_Hyper-full-2014_black.pdf,0,author,0.0,0.0,0.47469475430403224,0.19536237859605346
PdfAct,13.tar_1401.7966.gz_BWpulsar_black.pdf,4,author,0.0,0.0,0.37568593098092135,0.25116232488096973
PdfAct,11.tar_1401.7062.gz_paper_PREv2_black.pdf,0,author,0.0,0.0,0.472512153254755,0.5988821094078546
PdfAct,4.tar_1401.2257.gz_RepovsSemenov_black.pdf,25,author,0.0,0.0,0.44700363532801074,0.4731423962579202
PdfAct,8.tar_1401.4822.gz_kopacki_black.pdf,0,author,0.0,0.0,0.10795124080608465,0.12698968509631434
PdfAct,7.tar_1401.4120.gz_nugas2_black.pdf,0,author,0.0,0.0,0.32377907253465843,0.21703025026575165
PdfAct,11.tar_1401.7260.gz_dissipative_dynamics_black.pdf,0,author,0.0,0.0,0.015663763037603595,0.4361115488142265
PdfAct,11.tar_1401.6790.gz_ISIT14_v3_black.pdf,0,author,0.0,0.0,0.3574478488513321,0.4477033253483395
PdfAct,12.tar_1401.7630.gz_atashbar_black.pdf,8,author,0.0,0.0,0.4422812682773356,0.46657549712570356
PdfAct,6.tar_1401.3594.gz_ttz-HJZ-01-14_epl__black.pdf,0,author,0.0,0.0,0.5418134419714941,0.3468309580073711
PdfAct,10.tar_1401.6057.gz_diffeq-1_black.pdf,0,author,0.0,0.0,0.07259800489950419,0.0981011271604417
PdfAct,7.tar_1401.4198.gz_OverdampedIB_black.pdf,0,author,0.0,0.0,0.4647381464762401,0.062071402430216915
PdfAct,11.tar_1401.6658.gz_SinPetQIP_black.pdf,0,author,0.0,0.0,0.5493982367420011,0.405735288967633
PdfAct,1.tar_1401.0223.gz_UnbalAlarxiv_black.pdf,0,author,0.0,0.0,0.3162103779268323,0.5977367737011057
PdfAct,9.tar_1401.5797.gz_article_black.pdf,0,author,0.0,0.0,0.1933382405283515,0.39338319691771173
PdfAct,11.tar_1401.6965.gz_1822_timing_black.pdf,2,author,0.0,0.0,0.39956595533234723,0.016028779898865107
PdfAct,3.tar_1401.1807.gz_Zawada_arxiv_black.pdf,0,author,0.0,0.0,0.06049056443391573,0.588153247324878
PdfAct,2.tar_1401.0947.gz_schlieder_NLTT_arXiv_black.pdf,0,author,0.0,0.0,0.08068319475391685,0.5444959490154898
PdfAct,8.tar_1401.4704.gz_io_diffusion_arxiv_v3_black.pdf,0,author,0.0,0.0,0.3685819018718124,0.39164710493229454
PdfAct,2.tar_1401.0747.gz_wycech_Meson13_black.pdf,0,author,0.0,0.0,0.5350768610872644,0.051414953311656506
PdfAct,8.tar_1401.4799.gz_Cohen_Cassuto_QPEC_black.pdf,0,author,0.0,0.0,0.16625453006028915,0.4120789164725731
PdfAct,10.tar_1401.5980.gz_book_black.pdf,0,author,0.0,0.0,0.06851223196643992,0.02724464431070075
PdfAct,1.tar_1401.0720.gz_partitioning_water_v37_black.pdf,1,author,0.0,0.0,0.40702990380595044,0.5267263731584237
PdfAct,5.tar_1401.2987.gz_scoville_dust_black.pdf,1,author,0.0,0.0,0.25069140592620054,0.0072611170512484335
PdfAct,7.tar_1401.4529.gz_gen_ca_framework_black.pdf,17,author,0.0,0.0,0.4215587829247983,0.003109065602246952
PdfAct,11.tar_1401.6658.gz_SinPetQIP_black.pdf,9,author,0.0,0.0,0.4825432806820984,0.3518283402365431
PdfAct,5.tar_1401.3274.gz_hiddenfailure_version1-vishwanathtex_black.pdf,0,author,0.0,0.0,0.1091037952277122,0.5060437685378176
PdfAct,8.tar_1401.4961.gz_article_arXiv_final_black.pdf,0,author,0.0,0.0,0.02731515289636759,0.25913238730388716
PdfAct,13.tar_1401.8200.gz_paper_black.pdf,0,author,0.0,0.0,0.40384600320423175,0.26659029846350885
PdfAct,12.tar_1401.7461.gz_Sbierski_Brouwer_Disordered3dTI_v9_black.pdf,0,author,0.0,0.0,0.4576505089520103,0.23651019348561572
PdfAct,1.tar_1401.0373.gz_hexagon_black.pdf,0,author,0.0,0.0,0.3814687990225354,0.34356083052455677
PdfAct,12.tar_1401.7630.gz_atashbar_black.pdf,6,author,0.0,0.0,0.31667228424049665,0.08061580907229544
PdfAct,11.tar_1401.6831.gz_recovery_black.pdf,0,author,0.0,0.0,0.36882356299006447,0.22082299806462602
PdfAct,9.tar_1401.5652.gz_analysis.delay.pde_black.pdf,0,author,0.0,0.0,0.585852105610762,0.17573164173279968
PdfAct,13.tar_1401.7998.gz_ms_black.pdf,8,author,0.0,0.0,0.09260465023256793,0.542983873872647
PdfAct,11.tar_1401.6809.gz_paper_black.pdf,0,author,0.0,0.0,0.21064702530861923,0.4887303119244536
PdfAct,8.tar_1401.5130.gz_document-revised-article_black.pdf,0,author,0.0,0.0,0.2565939075401696,0.3330729383718896
PdfAct,5.tar_1401.3335.gz_ms_black.pdf,2,author,0.0,0.0,0.4806689055247892,0.16082972877135732
PdfAct,5.tar_1401.2987.gz_scoville_dust_black.pdf,6,author,0.0,0.0,0.4470959925942356,0.5428319953228523
PdfAct,12.tar_1401.7791.gz_ms_revised_black.pdf,2,author,0.0,0.0,0.2943365788865158,0.006281241103138235
PdfAct,7.tar_1401.4209.gz_exactSolMinControl_black.pdf,0,author,0.0,0.0,0.342857685847983,0.43136745496845036
PdfAct,7.tar_1401.4529.gz_gen_ca_framework_black.pdf,25,author,0.0,0.0,0.08783629423870536,0.010331035207598437
PdfAct,8.tar_1401.5135.gz_RZ-Zel-arXiv_black.pdf,45,author,0.0,0.0,0.4999951626941398,0.1023435669120533
PdfAct,2.tar_1401.0934.gz_drell-yan-review_jan30_black.pdf,0,author,0.0,0.0,0.02138926177131606,0.564386794480695
PdfAct,12.tar_1401.7711.gz_gerlumph_black.pdf,7,author,0.0,0.0,0.053641908700481286,0.4915157502475365
PdfAct,4.tar_1401.2330.gz_140105_Dot_CBT_black.pdf,0,author,0.0,0.0,0.5344336531674974,0.03921742801102821
PdfAct,11.tar_1401.6987.gz_WFCTA_ARGO_hybrid_spectrum_black.pdf,0,author,0.0,0.0,0.5205462945619808,0.5825907833678995
PdfAct,10.tar_1401.6601.gz_paper_JCP_proof_black.pdf,0,author,0.0,0.0,0.0519801911857144,0.10864865191348134
PdfAct,3.tar_1401.2018.gz_burst_predict_black.pdf,0,author,0.0,0.0,0.06657843016993759,0.5153008957993759
PdfAct,11.tar_1401.6765.gz_Final_manuscript_black.pdf,0,author,0.0,0.0,0.12812224032698,0.24898061065097554
PdfAct,4.tar_1401.2570.gz_twoStage_black.pdf,0,author,0.0,0.0,0.44976545189626566,0.5004163804870987
PdfAct,5.tar_1401.3340.gz_ms_black.pdf,0,author,0.0,0.0,0.3273799574226958,0.3483821533735905
PdfAct,7.tar_1401.4230.gz_Elec_Pooling_Markets_Elastic_black.pdf,0,author,0.0,0.0,0.38254734683354547,0.37469905726738506
PdfAct,3.tar_1401.2018.gz_burst_predict_black.pdf,17,author,0.0,0.0,0.43819908995246937,0.5103221797864596
PdfAct,5.tar_1401.3354.gz_ms_black.pdf,1,author,0.0,0.0,0.43072339131955656,0.49486119005859974
PdfAct,4.tar_1401.2220.gz_bare_conf_pnc_black.pdf,0,author,0.0,0.0,0.2809364816005503,0.027438179658004568
PdfAct,2.tar_1401.1056.gz_Global_Multipole_Expansion1_black.pdf,0,author,0.0,0.0,0.39438479816976074,0.21019831248031884
PdfAct,11.tar_1401.6629.gz_main_black.pdf,0,author,0.0,0.0,0.05749022225019837,0.049105605838522304
PdfAct,11.tar_1401.7173.gz_estimates-lrbms-2014-ohlberger-schindler_black.pdf,0,author,0.0,0.0,0.41754895246754203,0.5248646996521212
PdfAct,6.tar_1401.3677.gz_arxiv_black.pdf,0,author,0.0,0.0,0.5663980068705465,0.5419771252031295
PdfAct,8.tar_1401.5294.gz_20140602-Evo-Survey_black.pdf,23,author,0.0,0.0,0.5042001348208739,0.5268881514210598
PdfAct,13.tar_1401.7897.gz_BaNi2P2_ideta_2nd_black.pdf,0,author,0.0,0.0,0.14844812143241015,0.08552094289304221
PdfAct,6.tar_1401.4010.gz_manuscript_v21_for_arXiv_black.pdf,0,author,0.0,0.0,0.06329071674135942,0.047185871573842
PdfAct,9.tar_1401.5704.gz_Rouabah2014v2_black.pdf,0,author,0.0,0.0,0.2850210907515075,0.1443496588947812
PdfAct,3.tar_1401.1821.gz_NGC34.final_black.pdf,2,author,0.0,0.0,0.4050576439693652,0.08279831186083642
PdfAct,1.tar_1401.0720.gz_partitioning_water_v37_black.pdf,5,author,0.0,0.0,0.2809045887471253,0.5544117586794873
PdfAct,5.tar_1401.3081.gz_spinels1_v5_black.pdf,0,author,0.0,0.0,0.4587853105904911,0.11336768389872093
PdfAct,10.tar_1401.6577.gz_JCAP_Sa_Sc3_2_rev1_black.pdf,0,author,0.0,0.0,0.19473893801573575,0.18621159285727554
PdfAct,6.tar_1401.3957.gz_EADetDSA_black.pdf,0,author,0.0,0.0,0.2698521583806749,0.07627762594461851
PdfAct,5.tar_1401.2873.gz_SNN_black.pdf,0,author,0.0,0.0,0.16589521144524347,0.04103910985946466
PdfAct,1.tar_1401.0349.gz_reduction-paper_black.pdf,0,author,0.0,0.0,0.2388996047080469,0.3409352021213315
PdfAct,5.tar_1401.3250.gz_paper_black.pdf,0,author,0.0,0.0,0.32323718391566253,0.11414171713702498
PdfAct,12.tar_1401.7630.gz_atashbar_black.pdf,5,author,0.0,0.0,0.5026876600135658,0.11228093155674283
PdfAct,1.tar_1401.0314.gz_asymm_black.pdf,0,author,0.0,0.0,0.3636695889037617,0.10066984521152579
PdfAct,5.tar_1401.3297.gz_hyperbolic_black.pdf,0,author,0.0,0.0,0.4071048527722606,0.3478403872120844
PdfAct,1.tar_1401.0545.gz_ms_black.pdf,3,author,0.0,0.0,0.37316431166392633,0.42611287611508764
PdfAct,12.tar_1401.7306.gz_disktranspcut_black.pdf,0,author,0.0,0.0,0.29888332967347797,0.16060980690716778
PdfAct,2.tar_1401.1198.gz_stopping_black.pdf,0,author,0.0,0.0,0.3927480647870315,0.1903339135127413
PdfAct,11.tar_1401.6865.gz_moving-cateye-submit_black.pdf,0,author,0.0,0.0,0.3313271501741439,0.12709697614287682
PdfAct,1.tar_1401.0113.gz_cgim-upload_black.pdf,0,author,0.0,0.0,0.2805074315687455,0.09479279875424211
PdfAct,5.tar_1401.3347.gz_mnras_template_black.pdf,0,author,0.0,0.0,0.3182674651494997,0.1905515656347914
PdfAct,13.tar_1401.8004.gz_MinimumControlADQCWithRUS_black.pdf,0,author,0.0,0.0,0.32097556753318485,0.5419256474823885
PdfAct,2.tar_1401.0733.gz_paper_black.pdf,0,author,0.0,0.0,0.10439285836450525,0.2275786476841526
PdfAct,13.tar_1401.8196.gz_v8_black.pdf,0,author,0.0,0.0,0.5676308220243458,0.46625835959382894
PdfAct,8.tar_1401.5223.gz_gluonFF_black.pdf,4,author,0.0,0.0,0.466613738687106,0.4407833217500982
PdfAct,4.tar_1401.2224.gz_rc_black.pdf,0,author,0.0,0.0,0.19205585036646924,0.44012871455661745
PdfAct,2.tar_1401.1185.gz_flush_black.pdf,5,author,0.0,0.0,0.15029514112026973,0.2965988604870591
PdfAct,10.tar_1401.6530.gz_4U1627d_black.pdf,1,author,0.0,0.0,0.007374656039595129,0.5905724029251338
PdfAct,3.tar_1401.1544.gz_ms_black.pdf,8,author,0.0,0.0,0.11968840510464322,0.28923073689401396
PdfAct,4.tar_1401.2662.gz_arxiv_main_circumference_black.pdf,0,author,0.0,0.0,0.20390572716527555,0.31865261841406445
PdfAct,10.tar_1401.6035.gz_DeuteratedDiskWater_black.pdf,0,author,0.0,0.0,0.27560650242883183,0.4121596690555824
PdfAct,4.tar_1401.2580.gz_final-journal_black.pdf,0,author,0.0,0.0,0.4501982888860592,0.15619681379758835
PdfAct,3.tar_1401.1785.gz_paper_black.pdf,0,author,0.0,0.0,0.3636712044963391,0.029049427634891555
PdfAct,1.tar_1401.0593.gz_SLC3_A_black.pdf,0,author,0.0,0.0,0.5279383993333476,0.33561037201719807
PdfAct,10.tar_1401.6475.gz_XFEM3D_black.pdf,9,author,0.0,0.0,0.5983659003317684,0.38023269899360573
PdfAct,5.tar_1401.2989.gz_ms_black.pdf,0,author,0.0,0.0,0.04768926861545342,0.000301493466436753
PdfAct,11.tar_1401.6866.gz_fakir_black.pdf,0,author,0.0,0.0,0.2068943700853669,0.5191481614261153
PdfAct,10.tar_1401.6086.gz_actes_varna_black.pdf,13,author,0.0,0.0,0.07476259478338872,0.5361433253270571
PdfAct,13.tar_1401.8062.gz_Polar6_black.pdf,0,author,0.0,0.0,0.4680221430871491,0.07160972459173458
PdfAct,7.tar_1401.4529.gz_gen_ca_framework_black.pdf,5,author,0.0,0.0,0.034844918964767,0.07175721054585356
PdfAct,1.tar_1401.0415.gz_topological_spin_texture_black.pdf,0,author,0.0,0.0,0.14621231784542993,0.4110611216463575
PdfAct,2.tar_1401.0807.gz_JFM_Diphasic_black.pdf,0,author,0.0,0.0,0.29659871253673,0.4762448397643698
PdfAct,3.tar_1401.1544.gz_ms_black.pdf,1,author,0.0,0.0,0.3644846956313724,0.07346235943973742
PdfAct,5.tar_1401.2871.gz_LZhang_Thesis_black.pdf,0,author,0.0,0.0,0.4969118691132325,0.09295922311718748
PdfAct,12.tar_1401.7601.gz_ms_black.pdf,0,author,0.0,0.0,0.37383674763525254,0.4897673973012405
PdfAct,3.tar_1401.1544.gz_ms_black.pdf,6,author,0.0,0.0,0.21508219310900603,0.13085433209473177
PdfAct,4.tar_1401.2257.gz_RepovsSemenov_black.pdf,1,author,0.0,0.0,0.5325600225160365,0.07548297937079981
PdfAct,6.tar_1401.3670.gz_better34arxiv_black.pdf,0,author,0.0,0.0,0.06886027629900608,0.541445543326131
PdfAct,8.tar_1401.5076.gz_decarli_nii_br1202_black.pdf,0,author,0.0,0.0,0.43458278005854406,0.33521263180142175
PdfAct,6.tar_1401.3622.gz_Franco_revised_version_black.pdf,0,author,0.0,0.0,0.13162543515413005,0.59145021382787
PdfAct,11.tar_1401.7063.gz_GuadaProcc_black.pdf,0,author,0.0,0.0,0.20035253855203222,0.5626298128423084
PdfAct,12.tar_1401.7534.gz_pos-EPEM-2013-29012014-fin_black.pdf,2,author,0.0,0.0,0.0065738112935022075,0.23732428776839842
PdfAct,6.tar_1401.3663.gz_Vladimirov_Stefanis_LC2013_arxiv_v2__black.pdf,0,author,0.0,0.0,0.42163237308139373,0.10945479295021418
PdfAct,5.tar_1401.3189.gz_CF_CSIT_IZS_black.pdf,0,author,0.0,0.0,0.1664580883862333,0.45880373767721383
PdfAct,2.tar_1401.1398.gz_GalileiEinsteinMapArxiv_black.pdf,0,author,0.0,0.0,0.3119505148180883,0.004423344705512333
PdfAct,1.tar_1401.0545.gz_ms_black.pdf,17,author,0.0,0.0,0.524861956157969,0.5201650621703596
PdfAct,8.tar_1401.5287.gz_main_black.pdf,7,author,0.0,0.0,0.28479829412607577,0.3482507181464314
PdfAct,8.tar_1401.5294.gz_20140602-Evo-Survey_black.pdf,9,author,0.0,0.0,0.20418911580838384,0.37867125913879157
PdfAct,5.tar_1401.3113.gz_Santugini_RJMinAlgorithm_Preprint_HalV1_black.pdf,0,author,0.0,0.0,0.481406518510621,0.5692724272718329
PdfAct,4.tar_1401.2522.gz_Firehose-Weibel_black.pdf,0,author,0.0,0.0,0.3378452467725796,0.5952699491062633
PdfAct,12.tar_1401.7836.gz_MENU2013_black.pdf,0,author,0.0,0.0,0.5674119575043975,0.06269740793689706
PdfAct,8.tar_1401.4696.gz_eofdmuu_black.pdf,0,author,0.0,0.0,0.2142188298317391,0.5743344918585552
PdfAct,8.tar_1401.5287.gz_main_black.pdf,0,author,0.0,0.0,0.15788408187882455,0.5446312958699642
PdfAct,13.tar_1401.8061.gz_Coverings_of_graded_pointed_Hopf_algebras_final_black.pdf,0,author,0.0,0.0,0.3652746830240085,0.07937232115279343
PdfAct,13.tar_1401.8036.gz_T65-Kosovichev-v2_black.pdf,0,author,0.0,0.0,0.3480324925112777,0.06802625618938692
PdfAct,11.tar_1401.6947.gz_techNoteSDSS_black.pdf,0,author,0.0,0.0,0.2996338090248764,0.32512268641543113
PdfAct,8.tar_1401.4713.gz_rational3_black.pdf,0,author,0.0,0.0,0.5934522920181915,0.02447982162078537
PdfAct,2.tar_1401.1383.gz_robustness_CL_black.pdf,0,author,0.0,0.0,0.1471271046222983,0.1585517775551193
PdfAct,7.tar_1401.4453.gz_holoandguost241192_black.pdf,0,author,0.0,0.0,0.1572510952950952,0.20393018966359647
PdfAct,11.tar_1401.7106.gz_koibuchi-shobukhov-LGmodels_black.pdf,0,author,0.0,0.0,0.24033182699871808,0.3363019122708169
PdfAct,1.tar_1401.0615.gz_message_encoding_black.pdf,0,author,0.0,0.0,0.24861347164284953,0.5364110461005668
PdfAct,1.tar_1401.0016.gz_PRB_SM_black.pdf,0,author,0.0,0.0,0.13092118558397908,0.07345407007423395
PdfAct,12.tar_1401.7516.gz_hodana_black.pdf,0,author,0.0,0.0,0.3290610955574127,0.49514711993395116
PdfAct,3.tar_1401.1719.gz_vida_black.pdf,0,author,0.0,0.0,0.28883650994683974,0.3104889606960824
PdfAct,11.tar_1401.6886.gz_arxKMScor_black.pdf,0,author,0.0,0.0,0.31389561290765416,0.5278767538430827
PdfAct,10.tar_1401.6120.gz_malware2013_black.pdf,0,author,0.0,0.0,0.5151397145357143,0.03885443072346244
PdfAct,1.tar_1401.0009.gz_TMO111DMFT5_black.pdf,0,author,0.0,0.0,0.5695833535902651,0.22961213694970534
PdfAct,10.tar_1401.6492.gz_solarradii_black.pdf,0,author,0.0,0.0,0.18467131609470713,0.5645026271388992
PdfAct,10.tar_1401.6201.gz_paper3_black.pdf,9,author,0.0,0.0,0.3695109841755982,0.2593826513419331
PdfAct,6.tar_1401.3581.gz_invEucJor2014Feb03c_black.pdf,0,author,0.0,0.0,0.2869536616822239,0.40613686559356316
PdfAct,2.tar_1401.0831.gz_paper_black.pdf,11,author,0.0,0.0,0.5112760187691467,0.044695882136940465
PdfAct,4.tar_1401.2207.gz_chan_y_park_black.pdf,0,author,0.0,0.0,0.5768610454945394,0.3266362340108194
PdfAct,7.tar_1401.4369.gz_emMJPpaperSTCOr1arXiv2_black.pdf,0,author,0.0,0.0,0.30958824664469414,0.13511986053573963
PdfAct,7.tar_1401.4114.gz_NewSub_black.pdf,0,author,0.0,0.0,0.29789924847154586,0.49956610055317274
PdfAct,1.tar_1401.0340.gz_arxiv_black.pdf,0,author,0.0,0.0,0.4462700225788521,0.36992330065123546
PdfAct,8.tar_1401.5311.gz_bare_jrnl_compsoc_arxiv_black.pdf,0,author,0.0,0.0,0.13968805614062293,0.01336425683045992
PdfAct,3.tar_1401.1866.gz_GK2014v2_1_black.pdf,0,author,0.0,0.0,0.04159776563421149,0.31207121634070434
PdfAct,12.tar_1401.7336.gz_toloba_KDCs_black.pdf,10,author,0.0,0.0,0.1522587682376826,0.43320076238635047
PdfAct,3.tar_1401.1548.gz_Paper_GRSca_v2_black.pdf,0,author,0.0,0.0,0.45232842857120403,0.05087427351756215
PdfAct,12.tar_1401.7558.gz_Turbulence_mitigation_scheme_for_OAM_multipelxing1_black.pdf,0,author,0.0,0.0,0.13654764847015258,0.09341900366564974
PdfAct,11.tar_1401.6812.gz_dist_SFR_revised_black.pdf,0,author,0.0,0.0,0.25648448938121743,0.5549916527605648
PdfAct,13.tar_1401.8179.gz_tp_black.pdf,0,author,0.0,0.0,0.14323938074608034,0.2951473693853277
PdfAct,10.tar_1401.6341.gz_paper_black.pdf,0,author,0.0,0.0,0.269695398064522,0.10748042367672052
PdfAct,4.tar_1401.2257.gz_RepovsSemenov_black.pdf,0,author,0.0,0.0,0.26270697477148486,0.02818937264491814
PdfAct,3.tar_1401.2018.gz_burst_predict_black.pdf,15,author,0.0,0.0,0.5622187296413986,0.36390990199992024
PdfAct,8.tar_1401.5182.gz_madi2d-6_black.pdf,0,author,0.0,0.0,0.5968286246363264,0.5589514844418273
PdfAct,11.tar_1401.6961.gz_NBODY_FX_black.pdf,0,author,0.0,0.0,0.4667776266627386,0.43017805808291615
PdfAct,8.tar_1401.4973.gz_bertinoro_black.pdf,0,author,0.0,0.0,0.2691489420468332,0.42132605637268944
PdfAct,2.tar_1401.1373.gz_onde_spectral_black.pdf,0,author,0.0,0.0,0.30454078255098344,0.38000293554343945
PdfAct,13.tar_1401.7974.gz_BinLiu_Mobility_PRE_black.pdf,0,author,0.0,0.0,0.5724059623198825,0.48139116099766005
PdfAct,9.tar_1401.5899.gz_typeinst_cbd_black.pdf,19,author,0.0,0.0,0.05810140000247368,0.24447129609993548
PdfAct,5.tar_1401.3014.gz_Proceedings_black.pdf,0,author,0.0,0.0,0.05649823442941264,0.2919917750644295
PdfAct,10.tar_1401.6218.gz_acm_black.pdf,3,author,0.0,0.0,0.1546582489347516,0.10327753383565427
PdfAct,10.tar_1401.6586.gz_main_pc_black.pdf,0,author,0.0,0.0,0.11096202837657207,0.38112236662904164
PdfAct,7.tar_1401.4529.gz_gen_ca_framework_black.pdf,27,author,0.0,0.0,0.4621174834579212,0.22494159271920725
PdfAct,5.tar_1401.3142.gz_LN_Part2_arXiv14jan14_black.pdf,0,author,0.0,0.0,0.2674405736373359,0.004561170378273393
PdfAct,9.tar_1401.5899.gz_typeinst_cbd_black.pdf,17,author,0.0,0.0,0.5222742790302427,0.013397526532563719
PdfAct,8.tar_1401.4780.gz_AsyRK-v16_black.pdf,1,author,0.0,0.0,0.5282903456256903,0.4500776866792797
PdfAct,12.tar_1401.7755.gz_instab_v3_black.pdf,0,author,0.0,0.0,0.10852263595202043,0.08484821207803284
PdfAct,5.tar_1401.3172.gz_bare_conf_black.pdf,0,author,0.0,0.0,0.25381968431048657,0.12682867392303523
PdfAct,10.tar_1401.6462.gz_SM_13-Dey_black.pdf,0,author,0.0,0.0,0.1328921501090788,0.48965471082857115
PdfAct,8.tar_1401.5294.gz_20140602-Evo-Survey_black.pdf,19,author,0.0,0.0,0.20969932212391687,0.1671576856899746
PdfAct,4.tar_1401.2474.gz_satbasedfeature_black.pdf,0,author,0.0,0.0,0.5608062888065833,0.053266344451732374
PdfAct,7.tar_1401.4337.gz_ldpc_fast_black.pdf,0,author,0.0,0.0,0.14162760292981671,0.4848570293535433
PdfAct,11.tar_1401.7072.gz_ptpe_rev8_submit_black.pdf,0,author,0.0,0.0,0.17294514422989565,0.4955613927707746
PdfAct,5.tar_1401.3098.gz_IA2_black.pdf,0,author,0.0,0.0,0.3422954136308087,0.22634106075873828
PdfAct,6.tar_1401.3966.gz_triang-negT-anis_arxiv_v2_black.pdf,0,author,0.0,0.0,0.31520302519305743,0.016684974265987206
PdfAct,10.tar_1401.6434.gz_Extractig_a_basis_with_fixed_block_inside_a_matrix_black.pdf,8,author,0.0,0.0,0.0762301660715984,0.11601237034089756
PdfAct,12.tar_1401.7376.gz_BuckSukumar_black.pdf,0,author,0.0,0.0,0.2554854244994491,0.5915010394387441
PdfAct,12.tar_1401.7772.gz_Spectrum_sensing_reconfig2_black.pdf,0,author,0.0,0.0,0.41970255315668376,0.5014312914672887
PdfAct,5.tar_1401.3127.gz_polar_RM_black.pdf,0,author,0.0,0.0,0.49442500576054127,0.09494443828275319
PdfAct,9.tar_1401.5796.gz_ms3_black.pdf,0,author,0.0,0.0,0.013100106586608762,0.5241411200880607
PdfAct,8.tar_1401.5223.gz_gluonFF_black.pdf,5,author,0.0,0.0,0.08892345153166055,0.25526514977626313
PdfAct,10.tar_1401.6540.gz_long_version_06_black.pdf,0,author,0.0,0.0,0.47030492119482636,0.15239531861503058
PdfAct,10.tar_1401.6419.gz_paperv3_black.pdf,0,author,0.0,0.0,0.12318207669242004,0.06611157458811075
PdfAct,9.tar_1401.5800.gz_ms_black.pdf,3,author,0.0,0.0,0.3805698756927858,0.5680097370479632
PdfAct,2.tar_1401.1248.gz_meng_v5_black.pdf,0,author,0.0,0.0,0.028293022433563374,0.47763040273243085
PdfAct,4.tar_1401.2440.gz_arxiv-report_black.pdf,0,author,0.0,0.0,0.13182965219863144,0.5163702304286623
PdfAct,7.tar_1401.4089.gz_sopt.prb-short-5_black.pdf,0,author,0.0,0.0,0.3692724644404454,0.5505340469724641
PdfAct,8.tar_1401.4929.gz_main_arXiv_black.pdf,0,author,0.0,0.0,0.5471696138032559,0.4652161916895853
PdfAct,3.tar_1401.1555.gz_bt_black.pdf,0,author,0.0,0.0,0.061294916532676956,0.1395631408769287
PdfAct,12.tar_1401.7695.gz_main_black.pdf,10,author,0.0,0.0,0.09334345477720063,0.14992270068080285
PdfAct,7.tar_1401.4451.gz_Arxiv_Network_deniability_v7_black.pdf,0,author,0.0,0.0,0.37377324328888956,0.2577241877848946
PdfAct,12.tar_1401.7791.gz_ms_revised_black.pdf,0,author,0.0,0.0,0.14980590204531097,0.25936430160875645
PdfAct,10.tar_1401.6318.gz_article-v6.Jan.14_black.pdf,0,author,0.0,0.0,0.3485105811319203,0.17364731923212398
PdfAct,5.tar_1401.3145.gz_BarteringIntegerCommoditiesWithExogenousPrices_black.pdf,0,author,0.0,0.0,0.5475657090188004,0.4145821384643875
PdfAct,8.tar_1401.4969.gz_XieLiVersion_black.pdf,0,author,0.0,0.0,0.552408128032628,0.33875637120955576
PdfAct,10.tar_1401.6399.gz_simdcompressionarxiv_black.pdf,0,author,0.0,0.0,0.4495025095311488,0.02631767118890054
PdfAct,8.tar_1401.5127.gz_ppv-gl2_black.pdf,3,author,0.0,0.0,0.12044747109470175,0.4474586719880434
PdfAct,8.tar_1401.5294.gz_20140602-Evo-Survey_black.pdf,25,author,0.0,0.0,0.00920441276363615,0.33152959542277766
PdfAct,3.tar_1401.1602.gz_Bounds_Hofer_Iaco_revised_3_black.pdf,0,author,0.0,0.0,0.34470555629081495,0.5615878791644537
PdfAct,7.tar_1401.4264.gz_04-10-2014_black.pdf,0,author,0.0,0.0,0.1654987819328846,0.5522647909973204
PdfAct,13.tar_1401.8114.gz_paper_black.pdf,0,author,0.0,0.0,0.35705549490143834,0.20513316970901485
PdfAct,3.tar_1401.1549.gz_DRRL_black.pdf,0,author,0.0,0.0,0.4432701657367805,0.5906512706027675
PdfAct,1.tar_1401.0001.gz_infoingames_without_metric_arxiv_black.pdf,0,author,0.0,0.0,0.5221361632653094,0.009829401601636789
PdfAct,5.tar_1401.2804.gz_bilevel_learning_black.pdf,0,author,0.0,0.0,0.005528867034447015,0.5213097498476843
PdfAct,10.tar_1401.6411.gz_Proceedings_black.pdf,0,author,0.0,0.0,0.39336381666199816,0.0680379368780596
PdfAct,9.tar_1401.5636.gz_BExSAM_PAMI_complete_black.pdf,0,author,0.0,0.0,0.17180339183176038,0.5739114112102098
PdfAct,7.tar_1401.4074.gz_sc32_black.pdf,0,author,0.0,0.0,0.1903702187893929,0.06605305217015293
PdfAct,5.tar_1401.3317.gz_ms_black.pdf,0,author,0.0,0.0,0.5162341800725724,0.3357956017435236
PdfAct,6.tar_1401.3777.gz_SolitonMF9-26-arXiv_black.pdf,0,author,0.0,0.0,0.3092207921377647,0.3820320252817903
PdfAct,4.tar_1401.2634.gz_gsbk-new_black.pdf,13,author,0.0,0.0,0.0887740321954967,0.49992761683009523
PdfAct,11.tar_1401.6848.gz_jan19_black.pdf,0,author,0.0,0.0,0.3764441861522539,0.45379785573240294
PdfAct,9.tar_1401.5528.gz_mdp-r7-double_black.pdf,0,author,0.0,0.0,0.18776745739720094,0.08834020566896392
PdfAct,12.tar_1401.7713.gz_CVPR11_Extension_V0.7_black.pdf,0,author,0.0,0.0,0.10421631617690048,0.532169329515776
PdfAct,5.tar_1401.2984.gz_ms_black.pdf,1,author,0.0,0.0,0.5074916460660515,0.39780986662919554
PdfAct,1.tar_1401.0273.gz_Elliptic2p_black.pdf,0,author,0.0,0.0,0.5494762389687837,0.24885352210211206
PdfAct,1.tar_1401.0391.gz_Bc-D-SL-v3_black.pdf,0,author,0.0,0.0,0.22993123319553313,0.38692132365396253
PdfAct,9.tar_1401.5673.gz_Cir_Garg_Sciac_FINAL_COAM_black.pdf,0,author,0.0,0.0,0.24996657871475866,0.07841584914909928
PdfAct,7.tar_1401.4383.gz_hegselmann-krause-conjecture_arxiv_black.pdf,0,author,0.0,0.0,0.1800760986652886,0.12096657572085576
PdfAct,1.tar_1401.0242.gz_Gupta_PhaseReversal_EM_AWPL_2013_black.pdf,0,author,0.0,0.0,0.5777594215068899,0.16169575795169427
PdfAct,1.tar_1401.0336.gz_revpref-privacy_black.pdf,0,author,0.0,0.0,0.26842978885675517,0.4843870477325394
PdfAct,11.tar_1401.6728.gz_A_Generalized_Typicality_for_Abstract_Alphabets_black.pdf,0,author,0.0,0.0,0.24254684574858232,0.5155569940236151
PdfAct,9.tar_1401.5339.gz_Nontrivial_Objects_black.pdf,0,author,0.0,0.0,0.1614226569614809,0.20485714961458631
PdfAct,1.tar_1401.0651.gz_DBD_PF_SHELL_261213_black.pdf,0,author,0.0,0.0,0.42189149824102484,0.2288963295479941
PdfAct,10.tar_1401.6218.gz_acm_black.pdf,15,author,0.0,0.0,0.010833630763261114,0.1387432416907057
PdfAct,12.tar_1401.7715.gz_arxVideoCSLDSMRI_black.pdf,0,author,0.0,0.0,0.3040525987246594,0.3126597414717273
PdfAct,5.tar_1401.2986.gz_23023_black.pdf,0,author,0.0,0.0,0.41670946565991407,0.5895970481776712
PdfAct,12.tar_1401.7336.gz_toloba_KDCs_black.pdf,0,author,0.0,0.0,0.203929446804355,0.34051490973287174
PdfAct,8.tar_1401.5232.gz_fric_dev_black.pdf,0,author,0.0,0.0,0.06416876979443943,0.47228564185118355
PdfAct,12.tar_1401.7551.gz_Mannarelli-Cortona_black.pdf,0,author,0.0,0.0,0.5245581324145286,0.10686603732124782
PdfAct,7.tar_1401.4364.gz_DRDMCorrelation_black.pdf,0,author,0.0,0.0,0.30419833750428965,0.0070911790619520906
PdfAct,12.tar_1401.7779.gz_ms_rev2_black.pdf,2,author,0.0,0.0,0.36496058982239754,0.4746608322359949
PdfAct,8.tar_1401.5068.gz_nongeometry_black.pdf,0,author,0.0,0.0,0.03479284156518712,0.4224915966068975
PdfAct,8.tar_1401.5294.gz_20140602-Evo-Survey_black.pdf,1,author,0.0,0.0,0.5306612473518413,0.26294632695908726
PdfAct,11.tar_1401.7088.gz_twc-v8_black.pdf,0,author,0.0,0.0,0.5286582148478751,0.08752015781432503
PdfAct,5.tar_1401.3307.gz_liltest_black.pdf,0,author,0.0,0.0,0.03351954914123405,0.45393365807484765
PdfAct,13.tar_1401.8280.gz_jenness-adass23_black.pdf,0,author,0.0,0.0,0.3962434047335257,0.29269572292289703
PdfAct,4.tar_1401.2086.gz_arxiv-sg_black.pdf,0,author,0.0,0.0,0.017150018735838324,0.4070498428383453
PdfAct,5.tar_1401.3223.gz_paper_black.pdf,0,author,0.0,0.0,0.5700294722005381,0.4986400092901417
PdfAct,4.tar_1401.2410.gz_arxivv1_black.pdf,0,author,0.0,0.0,0.17305129608540384,0.26171768036308546
PdfAct,2.tar_1401.0939.gz_mdc2013_black.pdf,2,author,0.0,0.0,0.2671234772396864,0.09615935164776902
PdfAct,3.tar_1401.1824.gz_ms_black.pdf,1,author,0.0,0.0,0.562308716148893,0.5399559728589542
PdfAct,4.tar_1401.2285.gz_superfluidity2_black.pdf,0,author,0.0,0.0,0.5740699770787763,0.006915558125131516
PdfAct,6.tar_1401.3713.gz_HermiGeral_black.pdf,0,author,0.0,0.0,0.5046016080191228,0.0881368385286477
PdfAct,7.tar_1401.4349.gz_main_black.pdf,0,author,0.0,0.0,0.12193656107625085,0.2117326573237729
PdfAct,1.tar_1401.0616.gz_cjc_ecmwf_black.pdf,0,author,0.0,0.0,0.14017410471958644,0.1753891317244937
PdfAct,10.tar_1401.6448.gz_aspzanotti_black.pdf,0,author,0.0,0.0,0.4674300964623423,0.22205278088613423
PdfAct,2.tar_1401.0832.gz_meson_poles_final_black.pdf,0,author,0.0,0.0,0.26923314302289564,0.25947198432377394
PdfAct,8.tar_1401.5135.gz_RZ-Zel-arXiv_black.pdf,23,author,0.0,0.0,0.33870599468702217,0.14942391203008654
PdfAct,12.tar_1401.7706.gz_SgrA-E_Zhang_black.pdf,1,author,0.0,0.0,0.5767997943173688,0.27638084507989563
