Tool,ID,Page,Label,Precision,Recall,F1,SpatialDist
CAMELOT,45.tar_1404.2910.gz_Treesv2_black_subset_20,20,table,0.2506871798190534,0.47031183265030163,0.133600901986761,0.2361988464707498
CAMELOT,42.tar_1404.0719.gz_skutterudite_I_v1_black_subset_3,3,table,0.1765409621460454,0.4698918469041081,0.1469388821363184,0.2379421221864952
CAMELOT,41.tar_1404.0340.gz_Cousin_Niang_On_the_range_of_admissible_term_structures_black_subset_12,12,table,0.1443596625255755,0.4837513242723478,0.1964562117112123,0.1351689612015019
CAMELOT,48.tar_1404.4777.gz_wetting_black_subset_6,6,table,0.1306721797325552,0.4528646724966545,0.1595707428062344,0.143719806763285
CAMELOT,42.tar_1404.0761.gz_Bulk_HQCD_T_black_subset_3,3,table,0.1385720440263639,0.4848424263192336,0.1834320458021495,0.1353013530135301
CAMELOT,43.tar_1404.1447.gz_w51c_sub_arxiv_black_subset_9,9,table,0.145222335454585,0.4907589031856837,0.1907324607088087,0.2644763860369609
CAMELOT,52.tar_1404.7416.gz_5_black_subset_12,12,table,0.1418080753014945,0.4953203896475161,0.3618338388417371,0.1577981651376147
CAMELOT,47.tar_1404.4149.gz_Excited-QCD_black_subset_3,3,table,0.0,0.0,0.0,0.0495318634853518
CAMELOT,46.tar_1404.3644.gz_ms_black_subset_4,4,table,0.9597141015422774,0.8584525742925959,0.9535605774484968,0.6292645943896892
CAMELOT,51.tar_1404.6872.gz_paper_black_subset_19,19,table,0.1267410050586562,0.4991783822017473,0.2363206351454934,0.2365591397849462
CAMELOT,45.tar_1404.2957.gz_GAM_index3_black_subset_48,48,table,0.5692709586383818,0.4718983438956358,0.5172330701844235,0.46723044397463
CAMELOT,47.tar_1404.3763.gz_HDDRev3_black_subset_35,35,table,0.2398778754347094,0.48182534351177714,0.1367171365986872,0.2152866242038216
CAMELOT,49.tar_1404.4948.gz_oklopreprint_black_subset_6,6,table,0.142471587012742,0.4553520270706895,0.2931682032371109,0.3947858472998138
CAMELOT,50.tar_1404.5628.gz_paper_black_subset_4,4,table,0.2059181327747693,0.49813787027009193,0.1258615847806916,0.3495020880179891
CAMELOT,50.tar_1404.5692.gz_COGENT_IEEE_tsp_SW2_black_subset_6,6,table,0.1198584063987754,0.4589921248163442,0.2523510744944297,0.2137030995106036
CAMELOT,42.tar_1404.1117.gz_c3po_black_subset_6,6,table,0.0,0.0,0.0,0.0079140757490107
CAMELOT,47.tar_1404.3766.gz_DAMP_black_subset_4,4,table,0.1207085570055526,0.4688150191420117,0.3017306124166632,0.2008505702687028
CAMELOT,41.tar_1404.0541.gz_TuningFreeRegressionTREX_black_subset_5,5,table,0.0,0.0,0.0,0.052574720921858
CAMELOT,41.tar_1404.0355.gz_SrCr2O4_Raman_210115_black_subset_5,5,table,0.1018749845978252,0.46535580430274676,0.2266801674500085,0.3682493657122145
CAMELOT,49.tar_1404.5071.gz_molzahn_hiskens-Sparsity_Exploiting_Moment_OPF_black_subset_9,9,table,0.1064534182020296,0.490396059364863,0.2453758789343959,0.2541973952612584
CAMELOT,52.tar_1404.7366.gz_Melzani_reconnection_ion_electron_relat_black_subset_1,1,table,0.0,0.0,0.0,0.059130878042564
CAMELOT,42.tar_1404.0757.gz_SumanthGuru_black_subset_4,4,table,0.193007372482688,0.49193180910809026,0.1461035203548212,0.2869080779944289
CAMELOT,41.tar_1404.0335.gz_subaruspeccyga_black_subset_4,4,table,0.1372263259895441,0.47189824901220717,0.1813677327005281,0.1765385249958753
CAMELOT,47.tar_1404.3816.gz_Kalman_black_subset_7,7,table,0.532312661503156,0.5902702196552729,0.4497794023092642,0.451045104510451
CAMELOT,47.tar_1404.4223.gz_IC_conv_black_subset_8,8,table,0.1382878798753303,0.4907620127008176,0.2854169671242963,0.3075957313245449
CAMELOT,49.tar_1404.5463.gz_peters_black_subset_12,12,table,0.1332668997100117,0.498975270135289,0.1723803459098085,0.3275178429817604
CAMELOT,47.tar_1404.3898.gz_fermi_fermi_140414_black_subset_6,6,table,0.1366466443937005,0.4799660269595487,0.3150754284191224,0.1579764810295096
CAMELOT,48.tar_1404.4861.gz_DLC_black_subset_8,8,table,0.0,0.0,0.0,0.0824871113888454
CAMELOT,48.tar_1404.4429.gz_Frac_matrix_black_subset_16,16,table,0.9577999811338628,0.804206257428734,0.8388541997614642,0.7974025974025974
CAMELOT,49.tar_1404.5087.gz_prdc113Nv15_black_subset_12,12,table,0.1348280245941397,0.4884778528964421,0.3455892255414112,0.1385979049153908
CAMELOT,52.tar_1404.7380.gz_SubwordComplexFans_black_subset_0,0,table,0.1192301761844604,0.4689159918538691,0.3472838657165452,0.2165242165242165
CAMELOT,53.tar_1404.7546.gz_DKS14_v3_black_subset_2,2,table,0.1024101828389366,0.481646439348818,0.3461247557227936,0.1050583657587549
CAMELOT,45.tar_1404.3036.gz_arxiv_black_subset_9,9,table,0.1489307435688959,0.465792698282546,0.2153283849700794,0.1250758955676988
CAMELOT,43.tar_1404.1873.gz_ppg163x0_black_subset_5,5,table,0.1492598714110814,0.4802134152664852,0.2893811734791407,0.2200260078023407
CAMELOT,43.tar_1404.1808.gz_EA_black_subset_10,10,table,0.5192766450976702,0.4935500872811681,0.5241218959452788,0.5407109087725442
CAMELOT,46.tar_1404.3564.gz_MLSarsa_TAUP2013_arXiv_v2_black_subset_3,3,table,0.1376915001360188,0.46734023660290835,0.1330718813212639,0.1433962264150943
CAMELOT,47.tar_1404.4038.gz_main_black_subset_3,3,table,0.0,0.0,0.0,0.0740169622205088
CAMELOT,52.tar_1404.6920.gz_Packprepar_black_subset_24,24,table,0.148603842868288,0.4982971016076808,0.2435628801939996,0.2098256735340729
CAMELOT,47.tar_1404.4124.gz_revised_arxiv_black_subset_5,5,table,0.1619873149853393,0.49159280019841656,0.1363965992292704,0.1198237885462555
CAMELOT,51.tar_1404.6274.gz_robreg_black_subset_24,24,table,0.3366073637544891,0.49287290936419237,0.1488113691089,0.1800197823936696
CAMELOT,44.tar_1404.2268.gz_report_CLP01_wtGPU_black_subset_13,13,table,0.0,0.0,0.0,0.0769509981851179
CAMELOT,53.tar_1404.7505.gz_ms5_black_subset_2,2,table,0.1273240248139598,0.4641249052518681,0.288415730257499,0.1109165207238761
CAMELOT,48.tar_1404.4317.gz_PecletV50_black_subset_0,0,table,0.0,0.0,0.0,0.0573099415204679
CAMELOT,43.tar_1404.1422.gz_EntMeas_Bennet_arXiv_black_subset_5,5,table,0.3073925043864127,0.489857555334324,0.1017042076602988,0.2184124001878817
CAMELOT,46.tar_1404.3732.gz_ms_ajd_black_subset_3,3,table,0.9297180129953644,0.8646254240769875,0.989599074376913,0.8867601778994184
CAMELOT,50.tar_1404.5620.gz_ngc1365_spin_astroph_black_subset_8,8,table,0.0,0.0,0.0,0.034216958074826
CAMELOT,41.tar_1404.0568.gz_draft_JCTC_black_subset_6,6,table,0.1134132059629088,0.46944611000439634,0.3136681753088451,0.1030807982949041
CAMELOT,51.tar_1404.6700.gz_JRxPA_Multihop_arxiv_black_subset_9,9,table,0.227762393890039,0.46564613950287453,0.1495071726203509,0.2307274701411509
CAMELOT,48.tar_1404.4398.gz_higgsVLv2_black_subset_10,10,table,0.1217894172412687,0.4802765098952522,0.1377187744645444,0.108641975308642
CAMELOT,41.tar_1404.0390.gz_xorshiftplus_black_subset_4,4,table,0.4927989233726699,0.4127244556475452,0.4884193638433202,0.4907846234860453
CAMELOT,44.tar_1404.2322.gz_AdapTimeDiscr_black_subset_7,7,table,0.1102905236963535,0.4647933105832423,0.3496100313842045,0.2927835051546391
CAMELOT,51.tar_1404.6617.gz_FaithfulPaper0123arxiv_black_subset_9,9,table,0.3603448328489663,0.4866180750270906,0.1390105357600829,0.257183908045977
CAMELOT,41.tar_1404.0184.gz_JMS_H2groundtone_rev_black_subset_8,8,table,0.9048765885266344,0.937035957193986,0.8883238274707514,0.7694267515923567
CAMELOT,51.tar_1404.6386.gz_condHMM_arxiv_black_subset_30,30,table,0.9786537570088728,0.9861826531896892,0.8521276414549033,0.6638477801268499
CAMELOT,48.tar_1404.4605.gz_LocStat_May2705_black_subset_15,15,table,0.3078549353933194,0.4945262632775841,0.1469701856976179,0.1424755120213713
CAMELOT,43.tar_1404.1810.gz_paper_AM-QFT_8_variants_of_QFT_black_subset_25,25,table,0.8997537120993158,0.9887910768735853,0.9578272950919228,0.7060301507537688
CAMELOT,51.tar_1404.6363.gz_paper_black_subset_19,19,table,0.1097438991568463,0.4764066735553848,0.2378947103951322,0.1533742331288343
CAMELOT,48.tar_1404.4314.gz_report_black_subset_9,9,table,0.1483385996606094,0.47460580743494835,0.2248320391206349,0.3215538171027785
CAMELOT,42.tar_1404.0899.gz_paper_black_subset_10,10,table,0.8412505931984816,0.8946058131694989,0.9603595208111592,0.946525776496958
CAMELOT,51.tar_1404.6470.gz_spire_lirgs_astroph_black_subset_7,7,table,0.0,0.0,0.0,0.0883977900552486
CAMELOT,43.tar_1404.1622.gz_MUMAC_Survey_black_subset_10,10,table,0.4137345011033241,0.5374669038789192,0.4637785903481953,0.4937699217618082
CAMELOT,52.tar_1404.7100.gz_dynamicalfrv_black_subset_19,19,table,0.1385841301864424,0.45364869739047786,0.2071757490763494,0.1680111265646731
CAMELOT,47.tar_1404.4193.gz_pol_tomography_black_subset_4,4,table,0.9770042175949144,0.8002107793190065,0.8086350722903122,0.7403314917127072
CAMELOT,42.tar_1404.0899.gz_paper_black_subset_19,19,table,0.9571043957153104,0.9806419875503578,0.8941614457319262,0.6498032602585723
CAMELOT,44.tar_1404.2037.gz_audrecfields_black_subset_52,52,table,0.0,0.0,0.0,0.0992416034669555
CAMELOT,46.tar_1404.3274.gz_2centsF_black_subset_10,10,table,0.1265289364343588,0.4700296492088661,0.307519508431291,0.134575569358178
CAMELOT,46.tar_1404.3327.gz_ipisub_black_subset_11,11,table,0.8715363186211265,0.8194548497849625,0.8102620006532102,0.8118393234672304
CAMELOT,48.tar_1404.4314.gz_report_black_subset_7,7,table,0.546777492835973,0.5355449089901074,0.5927039492830807,0.435905318167845
CAMELOT,46.tar_1404.3129.gz_Conductivity_of_a_generic_helical_liquid_black_subset_6,6,table,0.1247788129383321,0.4876267453787676,0.2172071258073425,0.1645081289611462
CAMELOT,50.tar_1404.5676.gz_FIR_QSOs_mnras_v3_black_subset_4,4,table,0.1084219952649488,0.4999369403862365,0.3846092177993226,0.1858993980206101
CAMELOT,48.tar_1404.4808.gz_JCAP_ds_black_subset_8,8,table,0.1219814321177842,0.46611743771613245,0.2294950540348155,0.1545559400230681
CAMELOT,47.tar_1404.3942.gz_Vucetic_et_al_2014-arxiv_black_subset_10,10,table,0.1357024897616678,0.45115038763293397,0.3846088004620095,0.374181762825392
CAMELOT,48.tar_1404.4540.gz_main_black_subset_5,5,table,0.1375114450320158,0.45491080444453635,0.389145284890816,0.2247015071442553
CAMELOT,53.tar_1404.7485.gz_paper_black_subset_16,16,table,0.0,0.0,0.0,0.0894988066825776
CAMELOT,45.tar_1404.3026.gz_Bodnar_www2014_black_subset_3,3,table,0.1128848445545543,0.4812018104063372,0.3826119380295073,0.2053012048192771
CAMELOT,42.tar_1404.1122.gz_Testing_publicado_black_subset_5,5,table,0.1308337399160124,0.487940374637809,0.3004775086891585,0.3525615167406212
CAMELOT,51.tar_1404.6287.gz_main_black_subset_2,2,table,0.1205093829398118,0.4932278870997294,0.1954443598944268,0.1480954076183695
CAMELOT,53.tar_1404.7485.gz_paper_black_subset_11,11,table,0.1285047694064237,0.45686105821117085,0.1722629020078082,0.2677290836653387
CAMELOT,46.tar_1404.3399.gz_VariableAmplitudeOscillations_submitted_black_subset_8,8,table,0.0,0.0,0.0,0.0415273623086397
CAMELOT,44.tar_1404.2401.gz_poghosyanetal_black_subset_7,7,table,0.1309366426980429,0.49194896499153773,0.2171369590783163,0.2569773565034228
CAMELOT,52.tar_1404.7430.gz_paper_black_subset_5,5,table,0.0,0.0,0.0,0.0569007263922517
CAMELOT,47.tar_1404.4065.gz_ICM_Talk-_for_archive_black_subset_31,31,table,0.1349365386151078,0.45460600609613877,0.2516041432707363,0.2319688109161793
CAMELOT,42.tar_1404.0799.gz_3SUM_black_subset_3,3,table,0.1149579427366792,0.49915694565523083,0.2650788188233455,0.3253311258278145
CAMELOT,46.tar_1404.3252.gz_Drag_force_on_a_moving_impurity_in_a_spin-orbit_coupled_Bose-Einstein_condensate-resubmitted_black_subset_4,4,table,0.1356707844226322,0.4817479894341872,0.2541460546038371,0.1962183374955404
CAMELOT,44.tar_1404.2322.gz_AdapTimeDiscr_black_subset_17,17,table,0.1172886535266681,0.4684620571231349,0.3099106087446938,0.2059600150886457
CAMELOT,43.tar_1404.1866.gz_spectral_measures_G2-subgroups-v3_black_subset_21,21,table,0.2392965728864603,0.47030288191280795,0.1126334191548513,0.2372178719484108
CAMELOT,52.tar_1404.7110.gz_Q_metrology_without_entanglement_black_subset_2,2,table,0.1456453874382128,0.4851538000418043,0.1735029607476038,0.2842923794712286
CAMELOT,50.tar_1404.5689.gz_manuscript_black_subset_12,12,table,0.8242113507541231,0.9078430805865316,0.8353158723147189,0.8693126815101645
CAMELOT,44.tar_1404.2007.gz_LambdaPerm_arXiv_black_subset_12,12,table,0.1155593870263243,0.49091464178169575,0.1521927794783158,0.1987767584097859
CAMELOT,45.tar_1404.2825.gz_journal-dec-arxiv_black_subset_2,2,table,0.1336748179175521,0.4655941145357742,0.2230450198456836,0.3311720698254363
CAMELOT,51.tar_1404.6318.gz_ms_black_subset_13,13,table,0.0,0.0,0.0,0.0923514089509826
CAMELOT,47.tar_1404.3959.gz_ETICA_aaai2014_black_subset_3,3,table,0.1136599969363324,0.4577025145989288,0.3600936567239741,0.1335816923895689
CAMELOT,44.tar_1404.2197.gz_sarg_arXiv_black_subset_1,1,table,0.1279318827039657,0.4756560851530529,0.2257995300634252,0.1345685031691857
CAMELOT,50.tar_1404.5961.gz_S.N.Molina_black_subset_14,14,table,0.1064047739269273,0.46280392380966895,0.1680673199294541,0.2311801845556095
CAMELOT,53.tar_1404.7656.gz_CG_DIAZ_2014_accepted_black_subset_3,3,table,0.3871275158848737,0.4790291506725355,0.1328219248197547,0.1558441558441558
CAMELOT,49.tar_1404.5261.gz_IDM_type2_v2_black_subset_3,3,table,0.1300875660236316,0.48121219451739283,0.2579953107438439,0.3479036574487065
CAMELOT,51.tar_1404.6569.gz_TNL-vs-gyrofrequency-v2.3_black_subset_5,5,table,0.0,0.0,0.0,0.0948139635109898
CAMELOT,48.tar_1404.4446.gz_pap_CD30_black_subset_3,3,table,0.1006734161786686,0.4690688957154796,0.3018533310787785,0.1117696867061812
CAMELOT,50.tar_1404.5628.gz_paper_black_subset_2,2,table,0.121328337279067,0.4719528150058536,0.3966914542955869,0.2616470588235294
CAMELOT,52.tar_1404.7139.gz_hh4b_black_subset_3,3,table,0.1101806212040752,0.46977170101606325,0.2707625355916322,0.1448842419716206
CAMELOT,45.tar_1404.2851.gz_pomeron_black_subset_3,3,table,0.101081627474268,0.49933392728156073,0.294825416844361,0.3694627709707823
CAMELOT,45.tar_1404.2911.gz_paperv76_black_subset_18,18,table,0.105310831655028,0.46741814280372745,0.3458842636311106,0.2032693674484718
CAMELOT,46.tar_1404.3606.gz_PCANet_PAMI-4_black_subset_8,8,table,0.1028021443446925,0.49833174681226766,0.3256556973942544,0.2557178286029209
CAMELOT,42.tar_1404.0899.gz_paper_black_subset_18,18,table,0.9946161478532094,0.8985987345892508,0.8553561604289442,0.7630180658873539
CAMELOT,52.tar_1404.7306.gz_IRNN_black_subset_1,1,table,0.1172011166852842,0.47594858602924617,0.2444265403799018,0.1875420875420874
CAMELOT,42.tar_1404.0991.gz_CuCrO2_black_subset_1,1,table,0.0,0.0,0.0,0.077113953044474
CAMELOT,52.tar_1404.7126.gz_Manuscript_file_black_subset_3,3,table,0.0,0.0,0.0,0.0635920939558865
CAMELOT,51.tar_1404.6648.gz_QSD-BD-process_2015_01_28_black_subset_23,23,table,0.1298110779643889,0.4633971056527044,0.3628184660090867,0.2116353641777369
CAMELOT,42.tar_1404.0972.gz_article_black_subset_5,5,table,0.145773902747845,0.48711521789510526,0.3837606721750801,0.1435963777490297
CAMELOT,41.tar_1404.0450.gz_A_measure-28MR_black_subset_4,4,table,0.3332808119697516,0.45102332882534435,0.1336997385881965,0.2584057423498299
CAMELOT,50.tar_1404.5855.gz_gg14_lnn_plb_black_subset_3,3,table,0.1123387422956074,0.46637757977779737,0.2481854169286698,0.2942206654991243
CAMELOT,52.tar_1404.7128.gz_ALESS-Radio_black_subset_6,6,table,0.0,0.0,0.0,0.0790641387656313
CAMELOT,45.tar_1404.2999.gz_rhm-final1_black_subset_5,5,table,0.4530782630697189,0.5048675076607931,0.4226872326962072,0.5886673662119623
CAMELOT,43.tar_1404.1810.gz_paper_AM-QFT_8_variants_of_QFT_black_subset_23,23,table,0.5645918499535828,0.5983443294601112,0.4864670365611473,0.448866585914518
CAMELOT,53.tar_1404.7778.gz_EDSoS_black_subset_1,1,table,0.4014193401228734,0.5410104460800349,0.4646237200857845,0.5788070175438597
CAMELOT,42.tar_1404.0899.gz_paper_black_subset_11,11,table,0.8452072859949048,0.9893167751134466,0.9684525868773186,0.8590504451038575
CAMELOT,48.tar_1404.4888.gz_Outliers_final_PP_black_subset_6,6,table,0.0,0.0,0.0,0.0568842921784097
CAMELOT,43.tar_1404.1521.gz_GPU_paper_black_subset_3,3,table,0.1150150246414883,0.4787987707556617,0.1138354537070394,0.1479144759901858
CAMELOT,41.tar_1404.0437.gz_manuscript_black_subset_6,6,table,0.0,0.0,0.0,0.0856467808623745
CAMELOT,44.tar_1404.2356.gz_naoso3-condmat_black_subset_2,2,table,0.1453157269071255,0.4680904396384124,0.2886029534228491,0.1017939090529829
CAMELOT,42.tar_1404.0592.gz_Delta48_Apr06_black_subset_23,23,table,0.1810270343814934,0.4915475588638959,0.1011865645455873,0.1680564464400257
CAMELOT,42.tar_1404.0592.gz_Delta48_Apr06_black_subset_24,24,table,0.1249774029759125,0.4609449056260152,0.2412986759369913,0.2029850746268657
CAMELOT,51.tar_1404.6429.gz_Small_first_zeros_of_L_functions_black_subset_1,1,table,0.1482638077246445,0.4773505453667251,0.3148716619345014,0.1538461538461538
CAMELOT,48.tar_1404.4316.gz_deepdetect_black_subset_7,7,table,0.0,0.0,0.0,0.0580898075552387
CAMELOT,46.tar_1404.3555.gz_Smile_from_the_past_black_subset_15,15,table,0.8268388351970336,0.9948176593787832,0.9464326440615356,0.6272536687631027
CAMELOT,48.tar_1404.4780.gz_asrc_tsmc_black_subset_9,9,table,0.2571774858866765,0.4648588507144494,0.1020843572525081,0.3717495319325983
CAMELOT,51.tar_1404.6331.gz_MM_AA_arxiv_24April2014_black_subset_12,12,table,0.1217250429537304,0.4999793799851108,0.3362887025152558,0.2056775575790037
CAMELOT,51.tar_1404.6274.gz_robreg_black_subset_22,22,table,0.4764263454941292,0.4845025139201201,0.4461786795919247,0.5593385214007782
CAMELOT,46.tar_1404.3589.gz_xmac-contikimac-rpl-llncs_black_subset_14,14,table,0.1196573357562743,0.4687085167434644,0.1569477937883503,0.1825669183253259
CAMELOT,47.tar_1404.4205.gz_MDIEWarxiv0_black_subset_9,9,table,0.1170367903901729,0.4962127106709759,0.2581010482566218,0.2798586572438162
CAMELOT,48.tar_1404.4552.gz_V-deformations-ArXiv-revised_black_subset_13,13,table,0.1008715044503855,0.48510798935997346,0.3089651104826693,0.2364217252396166
CAMELOT,42.tar_1404.1013.gz_arXiv0949307_black_subset_1,1,table,0.1039916929203336,0.4773929339942788,0.3085279624632823,0.3715894326548289
CAMELOT,43.tar_1404.1715.gz_scgw-article_black_subset_12,12,table,0.1380213254890294,0.4601240225743244,0.3608948236246253,0.2244165170556553
CAMELOT,51.tar_1404.6369.gz_CADMachineLearning_black_subset_7,7,table,0.5993495270038842,0.54142055091313,0.4203294559411668,0.4259991216512956
CAMELOT,46.tar_1404.3556.gz_mn2esample_black_subset_18,18,table,0.9634497906651808,0.8528620546643658,0.984235823041427,0.955933069357517
CAMELOT,46.tar_1404.3681.gz_BMAwindtemparXiv_black_subset_15,15,table,0.3186971948177599,0.4579085608334854,0.1066420567408005,0.1592861863846661
CAMELOT,51.tar_1404.6252.gz_LVF2014_black_subset_13,13,table,0.1389691997210518,0.4742066398636525,0.1675791079381445,0.1099387338325391
CAMELOT,48.tar_1404.4314.gz_report_black_subset_5,5,table,0.463712786319132,0.4701872635202134,0.5973693953567829,0.5013883379611266
CAMELOT,46.tar_1404.3681.gz_BMAwindtemparXiv_black_subset_12,12,table,0.143634362218162,0.4849793523772244,0.1304690623748981,0.1163636363636364
CAMELOT,44.tar_1404.2022.gz_paper-4_black_subset_2,2,table,0.1205784618563141,0.48684887496120616,0.1544834536297411,0.2325581395348837
CAMELOT,52.tar_1404.7221.gz_manuscript_Riemann_color-2_black_subset_9,9,table,0.1103799422465568,0.4720072508561456,0.3764884541366318,0.2274678111587982
CAMELOT,53.tar_1404.7681.gz_nes_black_subset_5,5,table,0.1463144959122403,0.4601785649326774,0.2284294009566845,0.1676523527899202
CAMELOT,42.tar_1404.0749.gz_DPIE_arxiv_black_subset_11,11,table,0.1453915136080727,0.45270349006900434,0.2123955361703493,0.2888229475766568
CAMELOT,44.tar_1404.2301.gz_Paper-Final-Version_black_subset_17,17,table,0.1462190448872549,0.46468129973865774,0.2118874932877989,0.2563990374097571
CAMELOT,45.tar_1404.2999.gz_rhm-final1_black_subset_6,6,table,0.0,0.0,0.0,0.0614894101571395
CAMELOT,51.tar_1404.6470.gz_spire_lirgs_astroph_black_subset_5,5,table,0.1200687637387834,0.49552994354960994,0.3689900835890236,0.1347846225104214
CAMELOT,44.tar_1404.2430.gz_fakerat_v1_black_subset_7,7,table,0.4479085982957474,0.4926272727353509,0.5572149429417159,0.5110714285714285
CAMELOT,51.tar_1404.6868.gz_ppkk-reply_black_subset_3,3,table,0.1216885293690972,0.4712594899296209,0.3077811072078713,0.1360371778622729
CAMELOT,48.tar_1404.4670.gz_fB_fBs_black_subset_22,22,table,0.0,0.0,0.0,0.0790327337068711
CAMELOT,41.tar_1404.0042.gz_mcmc_logbinomial_27Marzo2014_black_subset_13,13,table,0.9811165675296248,0.907342744063093,0.8215113134359323,0.694541231126597
CAMELOT,51.tar_1404.6231.gz_inclPRC_black_subset_31,31,table,0.8751052242983187,0.8715148533613232,0.9783411430072836,0.945552687162638
CAMELOT,51.tar_1404.6386.gz_condHMM_arxiv_black_subset_35,35,table,0.5702966345657772,0.5921088680288384,0.4105281027191944,0.4914992272024729
CAMELOT,51.tar_1404.6847.gz_VP-NLO_black_subset_17,17,table,0.2936442797706844,0.45587891593343577,0.1215010853273486,0.1639058413251962
CAMELOT,51.tar_1404.6875.gz_OnTheLogQuantileDifferenceOfTheTemporalAggregationOfAStableMovingAverageProcess_black_subset_11,11,table,0.1919387071898706,0.4624787152505953,0.1128350361661009,0.3099415204678362
CAMELOT,51.tar_1404.6252.gz_LVF2014_black_subset_9,9,table,0.0,0.0,0.0,0.0627979274611398
CAMELOT,50.tar_1404.5708.gz_Manuscript_black_subset_11,11,table,0.4065549513941067,0.5072306913607599,0.509238299434537,0.4129359543436905
CAMELOT,45.tar_1404.2647.gz_MLSC-final-arxiv_black_subset_15,15,table,0.0,0.0,0.0,0.0929095354523227
CAMELOT,50.tar_1404.6060.gz_draftsn12aw_black_subset_6,6,table,0.1207897561067439,0.4633960387322471,0.3060397229920469,0.2832460732984293
CAMELOT,51.tar_1404.6231.gz_inclPRC_black_subset_36,36,table,0.816446752613073,0.8183800603526993,0.998589247150148,0.9599123767798468
CAMELOT,45.tar_1404.2783.gz_paper_black_subset_0,0,table,0.0,0.0,0.0,0.0820221820995615
CAMELOT,51.tar_1404.6522.gz_revised_jcap_black_subset_9,9,table,0.1209412940189035,0.46084005972357217,0.2557392296191471,0.1764280549530006
CAMELOT,51.tar_1404.6618.gz_Erice2013_2_black_subset_10,10,table,0.1474135930737881,0.48116811349204347,0.3278350062750454,0.1789019123997532
CAMELOT,50.tar_1404.6092.gz_LaPalombara_sdOs_black_subset_4,4,table,0.420475220811164,0.5349462013115719,0.5958884576092647,0.4584816132858837
CAMELOT,48.tar_1404.4895.gz_KSVC14_PRP_black_subset_25,25,table,0.4657939513360676,0.5276827695955258,0.5935479052725472,0.5132788129162802
CAMELOT,43.tar_1404.1830.gz_paper_black_subset_18,18,table,0.1045202638106508,0.4665698701194856,0.3699112645355,0.2835153922542204
CAMELOT,45.tar_1404.2957.gz_GAM_index3_black_subset_15,15,table,0.8013924088935748,0.99828616284257,0.9385911814032288,0.8037899723647848
CAMELOT,43.tar_1404.1278.gz_paper_black_subset_12,12,table,0.5117462679619051,0.5642812330100782,0.5904541033592826,0.5696577741848559
CAMELOT,44.tar_1404.2034.gz_dbCracking-MultiCore_black_subset_17,17,table,0.143591138837189,0.49565177796304266,0.1439225346459848,0.107732406602954
CAMELOT,42.tar_1404.0947.gz_DG33revised_black_subset_2,2,table,0.1118421297901998,0.46699918139067237,0.1662654741018373,0.3558178752107926
CAMELOT,44.tar_1404.2071.gz_lrec14_black_subset_5,5,table,0.2570435449006634,0.469711895207824,0.1192311738912559,0.3217550274223035
CAMELOT,42.tar_1404.0965.gz_VTCMonseesSource_black_subset_1,1,table,0.0,0.0,0.0,0.0606372045220966
CAMELOT,43.tar_1404.1768.gz_A_FEAST_Algorithm_with_oblique_projection_for_generalized_eigenvalue_problems_black_subset_16,16,table,0.1120236900276186,0.4796218683718391,0.3607936692196544,0.2186932849364791
CAMELOT,45.tar_1404.2808.gz_article_black_subset_9,9,table,0.1208700049787758,0.45988304619235204,0.2567492813178794,0.3618255168935955
CAMELOT,48.tar_1404.4304.gz_alsopt-crc_black_subset_8,8,table,0.9307439927242004,0.912302151235705,0.8607915946012293,0.8154340836012861
CAMELOT,51.tar_1404.6892.gz_alt3_black_subset_6,6,table,0.8345829669284579,0.9728070441872424,0.8784507273114905,0.6856581532416502
CAMELOT,46.tar_1404.3239.gz_SQRI-Final_black_subset_29,29,table,0.5514389909358512,0.4855345228071988,0.532199359652729,0.586411889596603
CAMELOT,46.tar_1404.3153.gz_LPP5-n-dim-levy-2.05_bis_black_subset_19,19,table,0.1119707327859993,0.46208243863193954,0.3040119234652477,0.2255281166319548
CAMELOT,45.tar_1404.2729.gz_temp11_black_subset_16,16,table,0.1146722906838084,0.4816044172203612,0.3896734483720804,0.2397820163487738
CAMELOT,46.tar_1404.3181.gz_arxiv_submission_2014_08_21_black_subset_8,8,table,0.4962293182125633,0.4993550508407163,0.4858789944411129,0.4191522762951334
CAMELOT,48.tar_1404.4751.gz_file_black_subset_5,5,table,0.1441316321819848,0.4579526315905405,0.3058024592878619,0.2369591589162959
CAMELOT,44.tar_1404.2039.gz_depletion_rev_black_subset_4,4,table,0.1480529524050128,0.4910068408276005,0.3302952170432335,0.1886792452830188
CAMELOT,46.tar_1404.3181.gz_arxiv_submission_2014_08_21_black_subset_6,6,table,0.1414915821401569,0.49655737267013217,0.3409182689163538,0.1222182974214058
CAMELOT,52.tar_1404.6968.gz_VSCC_black_subset_9,9,table,0.1187940392740503,0.4547214525919671,0.1559047303435924,0.1900145419292292
CAMELOT,47.tar_1404.4171.gz_CHEN_DropoutSVM_CorrectArchive_black_subset_5,5,table,0.0,0.0,0.0,0.0892603690269673
CAMELOT,42.tar_1404.0899.gz_paper_black_subset_36,36,table,0.1763772835159554,0.46627731507505044,0.1445986530173727,0.3526682134570765
CAMELOT,43.tar_1404.1866.gz_spectral_measures_G2-subgroups-v3_black_subset_22,22,table,0.1835171469751012,0.49907007452154345,0.1326410799417523,0.1618497109826589
CAMELOT,53.tar_1404.7848.gz_deuterium_final_black_subset_4,4,table,0.1065087172493561,0.46354715729774865,0.2838157918704702,0.2211019085343896
CAMELOT,48.tar_1404.4540.gz_main_black_subset_8,8,table,0.1105704746685784,0.47489129305573735,0.3757690384561734,0.2357333333333333
CAMELOT,50.tar_1404.5689.gz_manuscript_black_subset_11,11,table,0.8871280244269689,0.9500550331370292,0.8045522038182031,0.77007700770077
CAMELOT,50.tar_1404.6074.gz_paper-schrynemackers-techrep_black_subset_10,10,table,0.1430494087251005,0.45900207524822456,0.2611921075017854,0.3036894860311366
CAMELOT,51.tar_1404.6348.gz_Nulls_final_black_subset_4,4,table,0.0,0.0,0.0,0.0813722710518854
CAMELOT,50.tar_1404.5599.gz_pilong-20140420_black_subset_16,16,table,0.1143177644918057,0.4979600032055213,0.2720392487877349,0.1592959295929593
CAMELOT,44.tar_1404.2222.gz_mohanty_nautiyal_manuscript_black_subset_5,5,table,0.1233214412129839,0.4877049120063101,0.1560538011128159,0.1000253871540999
CAMELOT,46.tar_1404.3351.gz_Sp-invariant_final_black_subset_25,25,table,0.1455356188826674,0.46220810268963375,0.2018033124008,0.3970826580226905
CAMELOT,48.tar_1404.4862.gz_heliumvn2.00ostatecznyfewbody_-revisedAO_black_subset_3,3,table,0.9044589569154688,0.8996939070380477,0.937867951574246,0.6716417910447761
CAMELOT,44.tar_1404.2470.gz_manuscript_black_subset_1,1,table,0.1343959849515976,0.4811567401209615,0.2560824991159578,0.1453388793736236
CAMELOT,46.tar_1404.3174.gz_MCLT_V6_arXiv_black_subset_20,20,table,0.3420863417610763,0.49801511728451897,0.1306798174118801,0.3551912568306011
CAMELOT,45.tar_1404.2911.gz_paperv76_black_subset_15,15,table,0.1298636691863648,0.4517622053574292,0.3013187089336743,0.1643518518518519
CAMELOT,46.tar_1404.3643.gz_CollisionPaper_2nd_revision_310714_black_subset_6,6,table,0.3414901413343366,0.4971585410857587,0.1435691331154901,0.2676366097107089
CAMELOT,53.tar_1404.7474.gz_lsco_I16_ver06_black_subset_1,1,table,0.0,0.0,0.0,0.0535931790499391
CAMELOT,49.tar_1404.5028.gz_arxivSasaki2014_black_subset_14,14,table,0.1009280500658726,0.4993915170659815,0.3822195418195564,0.1478411053540587
CAMELOT,43.tar_1404.1879.gz_sw_black_subset_22,22,table,0.1104019761023961,0.46760248437821583,0.3183654122560475,0.3902815271885846
CAMELOT,46.tar_1404.3452.gz_one_quarter_honeycomb1604ALL_black_subset_6,6,table,0.1024702812353868,0.455128724565905,0.1807429995884797,0.3038570084666039
CAMELOT,52.tar_1404.7393.gz_cogalv2_black_subset_3,3,table,0.1457050119937581,0.49438383591975543,0.2089714246101808,0.2741116751269035
CAMELOT,51.tar_1404.6457.gz_ICDCS-NFSP2012_black_subset_4,4,table,0.3532243955426922,0.4827496827169065,0.1396716084907981,0.2280817402768622
CAMELOT,49.tar_1404.5020.gz_NILM_4_black_subset_4,4,table,0.1117661974022612,0.49794374178694456,0.2627137277875094,0.1720865494116158
CAMELOT,42.tar_1404.0761.gz_Bulk_HQCD_T_black_subset_10,10,table,0.1176336183546187,0.4855307939210083,0.3732065884045672,0.1063452676355902
CAMELOT,46.tar_1404.3583.gz_rbs0970v2_black_subset_2,2,table,0.0,0.0,0.0,0.0787401574803149
CAMELOT,43.tar_1404.1644.gz_paper_black_subset_6,6,table,0.0,0.0,0.0,0.0113901113124514
CAMELOT,45.tar_1404.2581.gz_paperAnoTop_rev_black_subset_3,3,table,0.1136905435053339,0.47266848636432607,0.2763689167948555,0.2558245774326177
CAMELOT,44.tar_1404.2180.gz_ArXiveVersion_black_subset_4,4,table,0.4030677118288177,0.5311163391281339,0.5564931457413651,0.5038548752834466
CAMELOT,50.tar_1404.5628.gz_paper_black_subset_6,6,table,0.1447148386963432,0.465203147524286,0.1747779760293515,0.3614303959131545
CAMELOT,49.tar_1404.5028.gz_arxivSasaki2014_black_subset_13,13,table,0.0,0.0,0.0,0.058268362741075
CAMELOT,51.tar_1404.6252.gz_LVF2014_black_subset_1,1,table,0.5546591782447415,0.4325277012717453,0.5619180604960893,0.4279590378661586
CAMELOT,42.tar_1404.0779.gz_YK_TV_KBW_arxiv_v1_04022014_final_black_subset_4,4,table,0.0,0.0,0.0,0.0816039395005276
CAMELOT,52.tar_1404.7125.gz_ngc1068exc_v2_black_subset_3,3,table,0.81689231431128,0.9901628913601762,0.8037273791234004,0.6050887887622581
CAMELOT,43.tar_1404.1938.gz_localdm_review_black_subset_44,44,table,0.1019183766300136,0.4854097776873467,0.3845958351327082,0.2365229110512129
CAMELOT,51.tar_1404.6231.gz_inclPRC_black_subset_39,39,table,0.9127920078405576,0.8660075828214707,0.8160897727419197,0.8959028831562975
CAMELOT,51.tar_1404.6522.gz_revised_jcap_black_subset_6,6,table,0.9182764517088876,0.8507954604368945,0.9748684139805476,0.9026402640264028
CAMELOT,49.tar_1404.5207.gz_Double_H_v2_black_subset_16,16,table,0.5076596969658332,0.4388295555575087,0.524326365228299,0.4135440180586907
CAMELOT,47.tar_1404.3757.gz_memes_black_subset_4,4,table,0.1898188311876563,0.4534416288238878,0.1081949889330845,0.2420591456736035
CAMELOT,51.tar_1404.6312.gz_cbmm_black_subset_4,4,table,0.1359334833311118,0.4765039753917432,0.1193639034884712,0.345679012345679
CAMELOT,51.tar_1404.6231.gz_inclPRC_black_subset_37,37,table,0.9808756419807112,0.928402127932593,0.8638925286327244,0.9592015792937048
CAMELOT,47.tar_1404.4185.gz_smc_MP_arxiv_black_subset_23,23,table,0.0,0.0,0.0,0.0960644561512241
CAMELOT,45.tar_1404.2647.gz_MLSC-final-arxiv_black_subset_13,13,table,0.2250708857086453,0.46221793267365,0.1175807999080445,0.2279618192026951
CAMELOT,45.tar_1404.2914.gz_prism_final_black_subset_7,7,table,0.1394846952391852,0.4547219122256823,0.3363138464685787,0.1817136285221391
CAMELOT,50.tar_1404.6213.gz_MED14v6_black_subset_0,0,table,0.1186289969196919,0.49819777707201457,0.3927043796783909,0.1257803468208092
CAMELOT,41.tar_1404.0390.gz_xorshiftplus_black_subset_7,7,table,0.1139109668694112,0.49975868461773,0.3953721309473109,0.1331092436974789
CAMELOT,45.tar_1404.2590.gz_Aggiornato1_black_subset_17,17,table,0.4254003067994694,0.5997097797576516,0.5720555386399501,0.4465603427755296
CAMELOT,50.tar_1404.5997.gz_sgd-note_black_subset_6,6,table,0.1156879928658072,0.4673359186851279,0.3219407904441205,0.1976359338061465
CAMELOT,46.tar_1404.3555.gz_Smile_from_the_past_black_subset_22,22,table,0.135343253845304,0.49464439447061154,0.2007169348755451,0.2225992534781133
CAMELOT,50.tar_1404.5611.gz_IMP_ver04_black_subset_2,2,table,0.1031474659399246,0.4739066679617108,0.1593050600590341,0.201172477630361
CAMELOT,41.tar_1404.0200.gz_techreport_black_subset_4,4,table,0.5202726180463201,0.4098849621613722,0.4984721428418533,0.5059665871121718
CAMELOT,51.tar_1404.6470.gz_spire_lirgs_astroph_black_subset_3,3,table,0.1319207162413382,0.4977001202739436,0.3528149397967575,0.3078902229845626
CAMELOT,51.tar_1404.6840.gz_Singular_Reconstruction_revised_black_subset_22,22,table,0.1222677431167481,0.4839565791316105,0.3181921122818337,0.2152166255723845
CAMELOT,52.tar_1404.7370.gz_Nonlinear_DE_black_subset_4,4,table,0.1169920203187192,0.45372998046415225,0.3828775977165607,0.2395946435034383
CAMELOT,43.tar_1404.1834.gz_wl_voids_revision_black_subset_8,8,table,0.0,0.0,0.0,0.0553064275037368
CAMELOT,46.tar_1404.3589.gz_xmac-contikimac-rpl-llncs_black_subset_4,4,table,0.1175492282337423,0.4591434014252325,0.3285687133379498,0.2892976588628763
CAMELOT,47.tar_1404.4038.gz_main_black_subset_11,11,table,0.1362019998996514,0.4852970745184753,0.1891761883909515,0.2396694214876032
CAMELOT,46.tar_1404.3325.gz_wktsub_black_subset_6,6,table,0.8636159017493448,0.9263738652907176,0.8946908040876286,0.8689847009735745
CAMELOT,48.tar_1404.4675.gz_PhaseMaskQINPArxiv_black_subset_16,16,table,0.235231649199365,0.461192095909358,0.1288229377641644,0.1371810957758259
CAMELOT,48.tar_1404.4314.gz_report_black_subset_4,4,table,0.5326832040194407,0.4271989537726735,0.4336335378292612,0.5836780744640843
CAMELOT,43.tar_1404.1426.gz_ps2-ap1rog_black_subset_3,3,table,0.1428893303132424,0.4616211948903625,0.3439153923103241,0.2494489346069066
CAMELOT,42.tar_1404.0755.gz_FeCr2O4_03232014_black_subset_4,4,table,0.5033207793363902,0.4889497768757793,0.4166295831136589,0.4337434094903339
CAMELOT,51.tar_1404.6770.gz_aiipm_black_subset_27,27,table,0.1384968040101322,0.4741457544825584,0.364763289258297,0.1142857142857143
CAMELOT,44.tar_1404.2112.gz_HAT-P-1_letter_fin_black_subset_1,1,table,0.0,0.0,0.0,0.0622650022559783
CAMELOT,51.tar_1404.6339.gz_rms2-SUPER-FINAL_black_subset_14,14,table,0.4068788252593264,0.560136247608024,0.4626098211908653,0.5733573357335734
CAMELOT,48.tar_1404.4398.gz_higgsVLv2_black_subset_28,28,table,0.129402544362862,0.4821406869450759,0.3580284627494199,0.1850594227504244
CAMELOT,48.tar_1404.4895.gz_KSVC14_PRP_black_subset_16,16,table,0.4870636700792644,0.5254192459259351,0.4189603252697504,0.5143683354418941
CAMELOT,53.tar_1404.7799.gz_oscar_black_subset_6,6,table,0.0,0.0,0.0,0.0946660259490629
CAMELOT,53.tar_1404.7540.gz_Excluded_Volume8_black_subset_10,10,table,0.1443724098522667,0.45003495345095945,0.1577847798231761,0.1592039800995024
CAMELOT,50.tar_1404.5847.gz_apo_black_subset_6,6,table,0.1479330021070366,0.47729941955779004,0.393713284010968,0.3874898456539399
CAMELOT,48.tar_1404.4304.gz_alsopt-crc_black_subset_14,14,table,0.8244386031523823,0.8063041013027751,0.929225680076087,0.7208387942332897
CAMELOT,45.tar_1404.2704.gz_ms1_apr9_black_subset_3,3,table,0.3089427234736581,0.45217192177869747,0.1188161407951293,0.1361637347767252
CAMELOT,46.tar_1404.3467.gz_cosmology_black_subset_1,1,table,0.1403926223376137,0.48452564277560795,0.3707718695150074,0.2410530645824763
CAMELOT,50.tar_1404.6107.gz_Collider_design_issues_black_subset_3,3,table,0.1208530247279217,0.4787826330196482,0.3966367643399975,0.1616161616161616
CAMELOT,48.tar_1404.4670.gz_fB_fBs_black_subset_6,6,table,0.4645499166245646,0.5577419499149888,0.4732350343940812,0.5883361921097771
CAMELOT,44.tar_1404.2152.gz_LP-VIcodeR2c_black_subset_11,11,table,0.0,0.0,0.0,0.0951122853368559
CAMELOT,41.tar_1404.0304.gz_VerticalMixpopPDM_black_subset_2,2,table,0.1016895881004661,0.4601002055372083,0.3164939919714578,0.1539250897896357
CAMELOT,52.tar_1404.7029.gz_ExitLaw_black_subset_31,31,table,0.1288129005787954,0.457555528356128,0.2080349748396446,0.2174887892376681
CAMELOT,41.tar_1404.0398.gz_paper4337_black_subset_1,1,table,0.5972695369371106,0.5521132277063094,0.4856103552510888,0.4502753482345318
CAMELOT,48.tar_1404.4670.gz_fB_fBs_black_subset_8,8,table,0.4624503945221355,0.5833245244012063,0.4078493329003796,0.5082274526140388
CAMELOT,47.tar_1404.3828.gz_PBM-14-v1_black_subset_24,24,table,0.4362450010873088,0.4977543603486908,0.4585825969283919,0.4924506387921022
CAMELOT,41.tar_1404.0280.gz_2zbdnm_black_subset_2,2,table,0.0,0.0,0.0,0.086607254926572
CAMELOT,52.tar_1404.7138.gz_mlhuang_black_subset_9,9,table,0.106544880439669,0.4604468538283414,0.2552434113754595,0.1362799263351749
CAMELOT,46.tar_1404.3274.gz_2centsF_black_subset_9,9,table,0.1164098837697261,0.45724906644007957,0.3290826363373419,0.2895303748384317
CAMELOT,41.tar_1404.0166.gz_martins_chapI_black_subset_19,19,table,0.3212910281696438,0.49393437807653773,0.1439000373902292,0.1701553004726536
CAMELOT,47.tar_1404.4104.gz_SparseBilinearLR_black_subset_21,21,table,0.1033645757340925,0.49568767552878384,0.2440774412793517,0.148959474260679
CAMELOT,44.tar_1404.2130.gz_paper_black_subset_7,7,table,0.0,0.0,0.0,0.0856898029134532
CAMELOT,48.tar_1404.4923.gz_pe_gac_arxiv_black_subset_9,9,table,0.1000128357503872,0.476030989634279,0.1829527479088386,0.1592879963486991
CAMELOT,46.tar_1404.3351.gz_Sp-invariant_final_black_subset_18,18,table,0.2140022153454913,0.4948776304209361,0.1461625954951125,0.2078005115089514
CAMELOT,44.tar_1404.2398.gz_Jin_2014_black_subset_2,2,table,0.188168900327631,0.4780563226037431,0.1325440736547282,0.1250153808293343
CAMELOT,50.tar_1404.6086.gz_arxiv_version_black_subset_7,7,table,0.5734733799137549,0.4891373458379496,0.5050442590543188,0.4204236827810972
CAMELOT,46.tar_1404.3239.gz_SQRI-Final_black_subset_28,28,table,0.1335175896910012,0.46314241521129934,0.3415354619197219,0.3499567598731623
CAMELOT,44.tar_1404.2101.gz_Letter_black_subset_1,1,table,0.1109959668129846,0.45156785214619444,0.2345401636509922,0.2767497988736926
CAMELOT,46.tar_1404.3610.gz_hiv_paper_black_subset_8,8,table,0.2794000198429623,0.4922143031773757,0.1089924144973818,0.3322541481181707
